PC,eigenvalue,explained_variance_ratio
PC1,32.20060224188477,0.016100301120942385
PC2,20.311027862947206,0.010155513931473603
PC3,18.627839651969456,0.009313919825984727
PC4,11.967173670545181,0.00598358683527259
PC5,9.991591005000434,0.004995795502500216
PC6,8.146592074901593,0.004073296037450796
PC7,6.63778244180002,0.0033188912209000097
PC8,6.105714341776365,0.0030528571708881825
PC9,5.2426618534064735,0.0026213309267032366
PC10,5.185879313840875,0.002592939656920437
PC11,4.746122165995038,0.0023730610829975187
PC12,4.508735500372326,0.002254367750186163
PC13,4.403467043617877,0.0022017335218089385
PC14,4.3038874641359,0.0021519437320679496
PC15,4.24388311760586,0.0021219415588029297
PC16,4.198918677398319,0.002099459338699159
PC17,4.158963135509193,0.002079481567754596
PC18,4.126124539544032,0.0020630622697720155
PC19,4.112143284632813,0.0020560716423164063
PC20,4.1066442984312035,0.0020533221492156015
PC21,4.040333220303364,0.002020166610151682
PC22,3.9941863051823994,0.0019970931525911994
PC23,3.9684485619687853,0.0019842242809843926
PC24,3.956741065428035,0.001978370532714017
PC25,3.934836462351612,0.001967418231175806
PC26,3.895946575848015,0.0019479732879240073
PC27,3.8516604924163342,0.0019258302462081668
PC28,3.7841164114880654,0.0018920582057440326
PC29,3.764601741677933,0.0018823008708389664
PC30,3.744253155646712,0.0018721265778233558
PC31,3.73239215054321,0.0018661960752716048
PC32,3.68381624325901,0.0018419081216295048
PC33,3.67005949999922,0.0018350297499996097
PC34,3.65050667926047,0.001825253339630235
PC35,3.6217302701212803,0.00181086513506064
PC36,3.5980774270657805,0.00179903871353289
PC37,3.589231128278162,0.0017946155641390808
PC38,3.5804587266111296,0.0017902293633055646
PC39,3.556761781162547,0.0017783808905812732
PC40,3.5474282437130364,0.001773714121856518
PC41,3.522858217635425,0.0017614291088177123
PC42,3.4987254088915725,0.001749362704445786
PC43,3.495347733754146,0.0017476738668770729
PC44,3.4746364001511654,0.0017373182000755825
PC45,3.463956907843966,0.0017319784539219828
PC46,3.448092396921471,0.0017240461984607354
PC47,3.4411655593221013,0.0017205827796610504
PC48,3.409951201348454,0.0017049756006742268
PC49,3.386052062852786,0.0016930260314263928
PC50,3.380010501447828,0.001690005250723914
PC51,3.3727513354773695,0.0016863756677386846
PC52,3.3693647001520004,0.001684682350076
PC53,3.3479879997670667,0.001673993999883533
PC54,3.3397423137305657,0.0016698711568652828
PC55,3.329677570801682,0.0016648387854008408
PC56,3.3267856356690757,0.0016633928178345376
PC57,3.3058280210370703,0.001652914010518535
PC58,3.2939840779431995,0.0016469920389715995
PC59,3.282417188975171,0.0016412085944875854
PC60,3.277033161623619,0.0016385165808118093
PC61,3.2679643439483326,0.001633982171974166
PC62,3.2471122743679457,0.0016235561371839727
PC63,3.238329715788414,0.0016191648578942068
PC64,3.2284436143503026,0.001614221807175151
PC65,3.217746410936627,0.0016088732054683132
PC66,3.212178660616278,0.0016060893303081387
PC67,3.1952935419020956,0.0015976467709510477
PC68,3.186747855413653,0.0015933739277068262
PC69,3.1770559484527925,0.0015885279742263961
PC70,3.1709807364887044,0.001585490368244352
PC71,3.155585037353165,0.0015777925186765823
PC72,3.149770368423638,0.0015748851842118188
PC73,3.1369419915999464,0.001568470995799973
PC74,3.134563757453289,0.0015672818787266444
PC75,3.126422501531225,0.0015632112507656122
PC76,3.1152558873326783,0.001557627943666339
PC77,3.0998374505006647,0.0015499187252503322
PC78,3.0875565959284614,0.0015437782979642305
PC79,3.086941093443164,0.0015434705467215818
PC80,3.0848655716777893,0.0015424327858388944
PC81,3.0782407774246923,0.0015391203887123459
PC82,3.070016354535128,0.0015350081772675637
PC83,3.057431252678969,0.0015287156263394843
PC84,3.0493511650700835,0.0015246755825350415
PC85,3.0482280059507985,0.001524114002975399
PC86,3.038877891634005,0.0015194389458170023
PC87,3.026967140953756,0.001513483570476878
PC88,3.0195225500341087,0.0015097612750170541
PC89,3.010831424814357,0.0015054157124071784
PC90,3.005356082654422,0.0015026780413272109
PC91,2.993501701638721,0.0014967508508193603
PC92,2.9769781139386384,0.001488489056969319
PC93,2.9666084503285175,0.0014833042251642585
PC94,2.9634728661079337,0.0014817364330539666
PC95,2.9627176161353264,0.001481358808067663
PC96,2.952500150750497,0.0014762500753752483
PC97,2.9438350979600463,0.001471917548980023
PC98,2.9381905341359706,0.0014690952670679853
PC99,2.9232328307450857,0.0014616164153725426
PC100,2.91364173983458,0.0014568208699172898
PC101,2.912098857634867,0.0014560494288174332
PC102,2.8975574580728765,0.0014487787290364382
PC103,2.892225032036829,0.0014461125160184142
PC104,2.8835881929003087,0.0014417940964501542
PC105,2.8778379088072845,0.001438918954403642
PC106,2.8690924548735675,0.0014345462274367835
PC107,2.85995244462002,0.00142997622231001
PC108,2.8552648842090393,0.0014276324421045195
PC109,2.8494052684745177,0.0014247026342372588
PC110,2.8479084921483784,0.001423954246074189
PC111,2.8423794687998827,0.0014211897343999413
PC112,2.8319977013376394,0.0014159988506688196
PC113,2.827787133779437,0.0014138935668897184
PC114,2.824203766889153,0.0014121018834445762
PC115,2.813989684745787,0.0014069948423728934
PC116,2.8062396677919446,0.0014031198338959722
PC117,2.8018919459139986,0.001400945972956999
PC118,2.7970590373437365,0.0013985295186718682
PC119,2.7894715931622627,0.0013947357965811312
PC120,2.7891768780640334,0.0013945884390320165
PC121,2.780348776870599,0.0013901743884352994
PC122,2.773828305838065,0.0013869141529190324
PC123,2.7701730522497376,0.0013850865261248687
PC124,2.7635003052389346,0.0013817501526194671
PC125,2.7577852995949046,0.0013788926497974522
PC126,2.7543237285631172,0.0013771618642815584
PC127,2.74487324695968,0.00137243662347984
PC128,2.738732097730239,0.0013693660488651195
PC129,2.7344884326922334,0.0013672442163461165
PC130,2.724505530574925,0.0013622527652874623
PC131,2.719314485386437,0.0013596572426932184
PC132,2.7114648694699635,0.0013557324347349816
PC133,2.704735461116818,0.0013523677305584088
PC134,2.7015256227202915,0.0013507628113601457
PC135,2.699576313156439,0.0013497881565782193
PC136,2.692766967856818,0.0013463834839284089
PC137,2.6860715184861634,0.0013430357592430816
PC138,2.682336527514849,0.0013411682637574243
PC139,2.675492061238755,0.0013377460306193774
PC140,2.6712440507562962,0.001335622025378148
PC141,2.6649710285073533,0.0013324855142536765
PC142,2.660057078345037,0.0013300285391725183
PC143,2.6487804711684806,0.0013243902355842402
PC144,2.6474279742747973,0.0013237139871373985
PC145,2.643856048274456,0.0013219280241372278
PC146,2.6417859342053602,0.00132089296710268
PC147,2.6306507928351963,0.001315325396417598
PC148,2.6267181076949417,0.0013133590538474708
PC149,2.622018628922805,0.0013110093144614024
PC150,2.615411890005826,0.0013077059450029129
PC151,2.6111811439091452,0.0013055905719545724
PC152,2.6079154310422816,0.0013039577155211407
PC153,2.6026077664477802,0.00130130388322389
PC154,2.592936613933004,0.0012964683069665018
PC155,2.590690199813904,0.001295345099906952
PC156,2.581910692644215,0.0012909553463221074
PC157,2.5804024570851443,0.001290201228542572
PC158,2.57369821629452,0.0012868491081472599
PC159,2.569004096401427,0.0012845020482007133
PC160,2.56075260437533,0.0012803763021876648
PC161,2.5537704562919328,0.0012768852281459663
PC162,2.5495697900161947,0.001274784895008097
PC163,2.5487933037415016,0.0012743966518707506
PC164,2.5428273073147714,0.0012714136536573855
PC165,2.538492059980146,0.0012692460299900728
PC166,2.531064536912586,0.001265532268456293
PC167,2.5253221395771597,0.0012626610697885796
PC168,2.522832864530804,0.0012614164322654019
PC169,2.5185819607720994,0.0012592909803860496
PC170,2.516990623203646,0.0012584953116018228
PC171,2.5143565001055714,0.0012571782500527856
PC172,2.5059397084774204,0.00125296985423871
PC173,2.4980262209789292,0.0012490131104894646
PC174,2.4933544782376678,0.0012466772391188337
PC175,2.487263760145834,0.0012436318800729167
PC176,2.484705782555591,0.0012423528912777952
PC177,2.4786456509768566,0.0012393228254884282
PC178,2.473522822946734,0.0012367614114733667
PC179,2.468691416274398,0.0012343457081371988
PC180,2.4655985797019024,0.001232799289850951
PC181,2.4544874866359754,0.0012272437433179875
PC182,2.453113756778333,0.0012265568783891663
PC183,2.450188221229914,0.001225094110614957
PC184,2.441605421832107,0.0012208027109160535
PC185,2.4381802765605323,0.001219090138280266
PC186,2.4343521575549714,0.0012171760787774856
PC187,2.432387321881376,0.001216193660940688
PC188,2.427143854179824,0.0012135719270899117
PC189,2.4198652886130185,0.0012099326443065091
PC190,2.415536823811748,0.001207768411905874
PC191,2.4132433795949777,0.0012066216897974886
PC192,2.4114564432155934,0.0012057282216077967
PC193,2.409491940947514,0.001204745970473757
PC194,2.4053689613114337,0.0012026844806557167
PC195,2.4000269127667875,0.0012000134563833935
PC196,2.3951452927693317,0.0011975726463846657
PC197,2.3905464253252537,0.0011952732126626268
PC198,2.3825823268186443,0.001191291163409322
PC199,2.3812517878267543,0.001190625893913377
PC200,2.3768389306564734,0.0011884194653282367
PC201,2.3719986012449077,0.0011859993006224537
PC202,2.3691883307326567,0.0011845941653663282
PC203,2.3643698539681686,0.001182184926984084
PC204,2.3611842099865075,0.0011805921049932535
PC205,2.354484850741869,0.0011772424253709344
PC206,2.3516707634804286,0.0011758353817402142
PC207,2.3482958584677207,0.0011741479292338602
PC208,2.3447970483616474,0.0011723985241808236
PC209,2.3428581861411715,0.0011714290930705856
PC210,2.336551480424718,0.0011682757402123587
PC211,2.3305046928338062,0.001165252346416903
PC212,2.3272214491924017,0.0011636107245962008
PC213,2.3198453014684985,0.0011599226507342491
PC214,2.317974532691587,0.0011589872663457933
PC215,2.313157490079479,0.0011565787450397394
PC216,2.309832804458808,0.0011549164022294038
PC217,2.307803068563627,0.0011539015342818134
PC218,2.3036947815414672,0.0011518473907707334
PC219,2.2983807843812465,0.001149190392190623
PC220,2.29623055242546,0.0011481152762127299
PC221,2.293518606010793,0.0011467593030053962
PC222,2.286183844574653,0.0011430919222873265
PC223,2.283236197172015,0.0011416180985860075
PC224,2.2769801496652624,0.001138490074832631
PC225,2.2711781205859443,0.001135589060292972
PC226,2.2705893248896216,0.0011352946624448106
PC227,2.266166295906505,0.0011330831479532525
PC228,2.2628308268520874,0.0011314154134260436
PC229,2.2560729442167116,0.0011280364721083557
PC230,2.255860888033458,0.0011279304440167288
PC231,2.2513750834296076,0.0011256875417148037
PC232,2.245336826477893,0.0011226684132389462
PC233,2.2432640238219865,0.001121632011910993
PC234,2.2420499550604647,0.0011210249775302323
PC235,2.234748989050831,0.0011173744945254154
PC236,2.2305122198088334,0.0011152561099044165
PC237,2.2274683449771144,0.0011137341724885572
PC238,2.2216865008107827,0.0011108432504053911
PC239,2.22010460568509,0.001110052302842545
PC240,2.217477597980773,0.0011087387989903864
PC241,2.2148388653423523,0.0011074194326711761
PC242,2.2084989427136823,0.001104249471356841
PC243,2.2038662701538674,0.0011019331350769336
PC244,2.2029733579802073,0.0011014866789901036
PC245,2.1955097787700515,0.0010977548893850255
PC246,2.1908989482480212,0.0010954494741240105
PC247,2.1867656592446405,0.0010933828296223202
PC248,2.1837268008029156,0.0010918634004014576
PC249,2.181507329244567,0.0010907536646222833
PC250,2.18096611218835,0.0010904830560941748
PC251,2.1748847543083225,0.001087442377154161
PC252,2.173614297582811,0.0010868071487914054
PC253,2.1705842691892503,0.001085292134594625
PC254,2.1674431616333907,0.0010837215808166952
PC255,2.15900940574531,0.0010795047028726548
PC256,2.1556343192824974,0.0010778171596412486
PC257,2.1520300348816934,0.0010760150174408466
PC258,2.1464354740723763,0.001073217737036188
PC259,2.144664077486928,0.001072332038743464
PC260,2.1406872175606013,0.0010703436087803006
PC261,2.1399468442829255,0.0010699734221414625
PC262,2.1347432422670685,0.001067371621133534
PC263,2.1340706918225942,0.001067035345911297
PC264,2.1319822081754523,0.001065991104087726
PC265,2.127103162119998,0.0010635515810599988
PC266,2.122615515928988,0.001061307757964494
PC267,2.118141519086702,0.001059070759543351
PC268,2.1160843847694406,0.0010580421923847203
PC269,2.1118075415949296,0.0010559037707974647
PC270,2.10939347187123,0.001054696735935615
PC271,2.1040796517065194,0.0010520398258532595
PC272,2.0999495128088554,0.0010499747564044276
PC273,2.0963971765877214,0.0010481985882938606
PC274,2.095308947835663,0.0010476544739178315
PC275,2.088049565419919,0.0010440247827099595
PC276,2.086751169245422,0.001043375584622711
PC277,2.0833055539657406,0.00104165277698287
PC278,2.080200956026768,0.0010401004780133838
PC279,2.0766496684307754,0.0010383248342153875
PC280,2.0739046951380917,0.0010369523475690456
PC281,2.0673374593234697,0.0010336687296617346
PC282,2.0657717226435817,0.0010328858613217907
PC283,2.06138493657204,0.0010306924682860197
PC284,2.059814276784591,0.0010299071383922955
PC285,2.0566467107795754,0.0010283233553897875
PC286,2.0477536030862264,0.001023876801543113
PC287,2.044602151622514,0.0010223010758112568
PC288,2.041022568713513,0.0010205112843567564
PC289,2.0377158128564323,0.001018857906428216
PC290,2.0364353176372263,0.001018217658818613
PC291,2.0357822482623438,0.0010178911241311719
PC292,2.0304587054661787,0.0010152293527330891
PC293,2.028732849764165,0.0010143664248820825
PC294,2.0237482674256775,0.0010118741337128386
PC295,2.020139571634679,0.0010100697858173393
PC296,2.0184869617121155,0.0010092434808560576
PC297,2.0166441491927727,0.0010083220745963862
PC298,2.009236816351573,0.0010046184081757864
PC299,2.006362415275531,0.0010031812076377654
PC300,2.0046635132683024,0.0010023317566341511
PC301,1.9996098931198267,0.0009998049465599133
PC302,1.9962725020037342,0.000998136251001867
PC303,1.995980025095384,0.0009979900125476919
PC304,1.9920308196552656,0.0009960154098276326
PC305,1.9918349991028421,0.0009959174995514209
PC306,1.982431586502311,0.0009912157932511555
PC307,1.9779244191025844,0.000988962209551292
PC308,1.9742887058886212,0.0009871443529443104
PC309,1.9727779945562776,0.0009863889972781387
PC310,1.9681034872521708,0.0009840517436260853
PC311,1.965286766580948,0.0009826433832904739
PC312,1.9620183030259568,0.0009810091515129783
PC313,1.9565143903561468,0.0009782571951780733
PC314,1.9552382539609006,0.0009776191269804501
PC315,1.9520745683391925,0.0009760372841695961
PC316,1.950019298021809,0.0009750096490109044
PC317,1.9477379136554789,0.0009738689568277393
PC318,1.9423794040899642,0.0009711897020449821
PC319,1.9402118298841613,0.0009701059149420805
PC320,1.9389228105611744,0.0009694614052805871
PC321,1.933404136752179,0.0009667020683760895
PC322,1.931406995229052,0.0009657034976145259
PC323,1.9302422823094836,0.0009651211411547416
PC324,1.9270456688596755,0.0009635228344298377
PC325,1.925046618340326,0.000962523309170163
PC326,1.9230925156777454,0.0009615462578388726
PC327,1.9165627056965227,0.0009582813528482612
PC328,1.9136976685356843,0.000956848834267842
PC329,1.9113143218164939,0.0009556571609082469
PC330,1.9098402244025658,0.0009549201122012828
PC331,1.906269056318568,0.0009531345281592839
PC332,1.9020428178787074,0.0009510214089393537
PC333,1.8997734622417144,0.000949886731120857
PC334,1.894793944799107,0.0009473969723995533
PC335,1.8917203509931315,0.0009458601754965656
PC336,1.890754014151207,0.0009453770070756033
PC337,1.8875865018565656,0.0009437932509282827
PC338,1.8801870327939658,0.0009400935163969828
PC339,1.8779142004811873,0.0009389571002405935
PC340,1.8769078249409779,0.0009384539124704888
PC341,1.8724141901902265,0.0009362070950951131
PC342,1.8700283221318237,0.0009350141610659118
PC343,1.8683776988644458,0.0009341888494322228
PC344,1.8644234264705268,0.0009322117132352633
PC345,1.862304960310645,0.0009311524801553224
PC346,1.8613059222288724,0.0009306529611144361
PC347,1.8576270538908541,0.000928813526945427
PC348,1.8535752783623791,0.0009267876391811894
PC349,1.8489110192391087,0.0009244555096195543
PC350,1.8468825514052902,0.000923441275702645
PC351,1.8435691742011249,0.0009217845871005623
PC352,1.8417017996275873,0.0009208508998137935
PC353,1.8381876585978174,0.0009190938292989086
PC354,1.8331422426581643,0.000916571121329082
PC355,1.8321825559567568,0.0009160912779783783
PC356,1.828855317289739,0.0009144276586448694
PC357,1.826245399396954,0.0009131226996984769
PC358,1.8245246994550854,0.0009122623497275427
PC359,1.8229127147785658,0.0009114563573892828
PC360,1.818968883974276,0.0009094844419871379
PC361,1.8166663258925853,0.0009083331629462925
PC362,1.814356415650787,0.0009071782078253934
PC363,1.8080516579709995,0.0009040258289854996
PC364,1.8060044665063366,0.0009030022332531682
PC365,1.802608809895628,0.0009013044049478139
PC366,1.7995192238016409,0.0008997596119008204
PC367,1.7986497636979422,0.000899324881848971
PC368,1.7962420466422628,0.0008981210233211314
PC369,1.7919322618601121,0.000895966130930056
PC370,1.7888949173252253,0.0008944474586626126
PC371,1.7848047687810034,0.0008924023843905016
PC372,1.7808423481662665,0.0008904211740831332
PC373,1.7772009381093277,0.0008886004690546637
PC374,1.776572930312339,0.0008882864651561694
PC375,1.7751287262826339,0.0008875643631413168
PC376,1.7708933491154264,0.0008854466745577131
PC377,1.7684132010711997,0.0008842066005355998
PC378,1.7676840609499789,0.0008838420304749893
PC379,1.7638477815230917,0.0008819238907615457
PC380,1.760582903647333,0.0008802914518236664
PC381,1.7569397455643627,0.0008784698727821813
PC382,1.7547959162742897,0.0008773979581371447
PC383,1.7496486953633588,0.0008748243476816793
PC384,1.7466285399904191,0.0008733142699952095
PC385,1.7416481442981533,0.0008708240721490765
PC386,1.7407711184957348,0.0008703855592478673
PC387,1.7392709116860088,0.0008696354558430043
PC388,1.7373314018568977,0.0008686657009284488
PC389,1.7329720193568157,0.0008664860096784078
PC390,1.7324311670159767,0.0008662155835079883
PC391,1.7286996256777893,0.0008643498128388945
PC392,1.7267203925466903,0.0008633601962733451
PC393,1.7233031295438608,0.0008616515647719302
PC394,1.7230571965624784,0.0008615285982812391
PC395,1.7199428714148761,0.000859971435707438
PC396,1.719229353277037,0.0008596146766385184
PC397,1.7131746737093136,0.0008565873368546567
PC398,1.7124763089590624,0.0008562381544795311
PC399,1.7107942229176434,0.0008553971114588216
PC400,1.7073834469614293,0.0008536917234807145
PC401,1.7041958414628018,0.0008520979207314007
PC402,1.699924251040245,0.0008499621255201224
PC403,1.6970300523381712,0.0008485150261690854
PC404,1.6945312370417405,0.0008472656185208701
PC405,1.6896701490087935,0.0008448350745043966
PC406,1.6883239580973315,0.0008441619790486657
PC407,1.685039244874221,0.0008425196224371104
PC408,1.6827526975171783,0.0008413763487585891
PC409,1.6790372973036085,0.0008395186486518042
PC410,1.6762104089799261,0.000838105204489963
PC411,1.674191100178854,0.000837095550089427
PC412,1.6729039838150377,0.0008364519919075188
PC413,1.6712206679468675,0.0008356103339734336
PC414,1.6683926103902307,0.0008341963051951152
PC415,1.6654414111297045,0.0008327207055648521
PC416,1.6614225393295459,0.0008307112696647729
PC417,1.6603869361086565,0.0008301934680543282
PC418,1.6591725199511782,0.000829586259975589
PC419,1.658342080240552,0.0008291710401202759
PC420,1.6565191645379993,0.0008282595822689995
PC421,1.6541946790401767,0.0008270973395200882
PC422,1.6501044321380791,0.0008250522160690395
PC423,1.6453828251965816,0.0008226914125982907
PC424,1.6445714282399337,0.0008222857141199668
PC425,1.6430798581638217,0.0008215399290819107
PC426,1.641260294106404,0.0008206301470532019
PC427,1.6374425017964733,0.0008187212508982366
PC428,1.6327741614450666,0.0008163870807225332
PC429,1.6287347561003795,0.0008143673780501897
PC430,1.6279058513100404,0.0008139529256550201
PC431,1.6265639519486814,0.0008132819759743406
PC432,1.6197690283601516,0.0008098845141800757
PC433,1.6175175997467648,0.0008087587998733823
PC434,1.6141709999869887,0.0008070854999934942
PC435,1.6126275378310633,0.0008063137689155315
PC436,1.6083586719906857,0.0008041793359953428
PC437,1.606433951863103,0.0008032169759315514
PC438,1.6045418753494347,0.0008022709376747173
PC439,1.6019839949977404,0.0008009919974988701
PC440,1.5995077201601557,0.0007997538600800777
PC441,1.5987017750110986,0.0007993508875055492
PC442,1.5967589455388174,0.0007983794727694086
PC443,1.5951113844905471,0.0007975556922452735
PC444,1.59339166561652,0.0007966958328082599
PC445,1.5893425645554804,0.0007946712822777401
PC446,1.5883043907718803,0.0007941521953859401
PC447,1.5843268412559528,0.0007921634206279763
PC448,1.580325848498295,0.0007901629242491473
PC449,1.5785552926228468,0.0007892776463114233
PC450,1.577386614626194,0.0007886933073130969
PC451,1.572995902318984,0.0007864979511594918
PC452,1.5691828094162086,0.0007845914047081042
PC453,1.5679405333861518,0.0007839702666930758
PC454,1.56653322607732,0.0007832666130386599
PC455,1.5643414354210738,0.0007821707177105368
PC456,1.560644071811806,0.0007803220359059029
PC457,1.5577951384409334,0.0007788975692204666
PC458,1.5552534471586608,0.0007776267235793303
PC459,1.5541695766533012,0.0007770847883266505
PC460,1.5505276261141416,0.0007752638130570708
PC461,1.5494688918400186,0.0007747344459200092
PC462,1.5456413753777882,0.000772820687688894
PC463,1.544061185635376,0.000772030592817688
PC464,1.540460446688798,0.0007702302233443989
PC465,1.5387935508067307,0.0007693967754033653
PC466,1.5370041675741897,0.0007685020837870948
PC467,1.5336624449192449,0.0007668312224596224
PC468,1.5319831741089598,0.0007659915870544798
PC469,1.5287923391408254,0.0007643961695704126
PC470,1.5283258465654985,0.0007641629232827492
PC471,1.5250018486756205,0.0007625009243378101
PC472,1.522099627661653,0.0007610498138308264
PC473,1.5198132513866198,0.0007599066256933099
PC474,1.5177469131717491,0.0007588734565858744
PC475,1.5149667839981464,0.0007574833919990732
PC476,1.5140940167175434,0.0007570470083587716
PC477,1.5106965625030107,0.0007553482812515052
PC478,1.5090678102245854,0.0007545339051122926
PC479,1.506680812741377,0.0007533404063706884
PC480,1.5028749336900484,0.0007514374668450241
PC481,1.5025155945535504,0.0007512577972767752
PC482,1.5002135525908724,0.0007501067762954361
PC483,1.494602817098944,0.0007473014085494719
PC484,1.492255332503733,0.0007461276662518665
PC485,1.4911350207433072,0.0007455675103716535
PC486,1.490972251331903,0.0007454861256659515
PC487,1.4900017544635482,0.000745000877231774
PC488,1.4860050446519935,0.0007430025223259967
PC489,1.4834824408617149,0.0007417412204308573
PC490,1.4810927684746478,0.0007405463842373238
PC491,1.4798884698517933,0.0007399442349258966
PC492,1.4782001484315475,0.0007391000742157736
PC493,1.4748832460023318,0.0007374416230011658
PC494,1.4716296005897624,0.0007358148002948811
PC495,1.4701569069801939,0.0007350784534900968
PC496,1.4672459597771255,0.0007336229798885626
PC497,1.4640323143790952,0.0007320161571895476
PC498,1.4632622254135281,0.000731631112706764
PC499,1.4594502752391834,0.0007297251376195916
PC500,1.4581641959713552,0.0007290820979856774
PC501,1.455724676003,0.0007278623380015
PC502,1.4542196381853678,0.0007271098190926839
PC503,1.4523328172693126,0.0007261664086346563
PC504,1.4490395415225257,0.0007245197707612627
PC505,1.446932495162243,0.0007234662475811215
PC506,1.4447397846196788,0.0007223698923098393
PC507,1.4421511027359515,0.0007210755513679756
PC508,1.4413746374702054,0.0007206873187351027
PC509,1.4381735905367627,0.0007190867952683813
PC510,1.4373600907799167,0.0007186800453899583
PC511,1.4343707121831446,0.0007171853560915722
PC512,1.4307446513625013,0.0007153723256812506
PC513,1.4290118620240266,0.0007145059310120132
PC514,1.426923856455642,0.0007134619282278209
PC515,1.4242172932816302,0.000712108646640815
PC516,1.42221065117133,0.0007111053255856649
PC517,1.4202153605479604,0.0007101076802739801
PC518,1.416713117873149,0.0007083565589365744
PC519,1.4150799906880993,0.0007075399953440496
PC520,1.4131718253814407,0.0007065859126907202
PC521,1.4115910472648363,0.0007057955236324181
PC522,1.40866000272497,0.000704330001362485
PC523,1.4070129233077333,0.0007035064616538666
PC524,1.4052070106892087,0.0007026035053446043
PC525,1.4011450972144865,0.0007005725486072432
PC526,1.400138584362425,0.0007000692921812124
PC527,1.3976563148537613,0.0006988281574268805
PC528,1.396613645243709,0.0006983068226218544
PC529,1.3944120483911984,0.0006972060241955991
PC530,1.3934023292434563,0.0006967011646217281
PC531,1.3911938768277707,0.0006955969384138853
PC532,1.3909643328668722,0.000695482166433436
PC533,1.3856635571666946,0.0006928317785833473
PC534,1.3849352814151097,0.0006924676407075547
PC535,1.3806063581893495,0.0006903031790946747
PC536,1.3773188865202848,0.0006886594432601423
PC537,1.37634033864153,0.000688170169320765
PC538,1.3731055169483461,0.000686552758474173
PC539,1.3718758320355597,0.0006859379160177798
PC540,1.3711621228251092,0.0006855810614125545
PC541,1.369571396220226,0.0006847856981101129
PC542,1.3667141261074596,0.0006833570630537297
PC543,1.3644270954668472,0.0006822135477334235
PC544,1.3625950446316177,0.0006812975223158087
PC545,1.3606254988783255,0.0006803127494391627
PC546,1.358655344043018,0.0006793276720215089
PC547,1.3553820490314226,0.0006776910245157112
PC548,1.352855218027935,0.0006764276090139674
PC549,1.3523765401039527,0.0006761882700519763
PC550,1.3509437348211524,0.0006754718674105761
PC551,1.3487051050591063,0.0006743525525295531
PC552,1.3463208339547965,0.0006731604169773982
PC553,1.345365157011311,0.0006726825785056555
PC554,1.342844755503676,0.0006714223777518379
PC555,1.339012113452125,0.0006695060567260624
PC556,1.3363400011548108,0.0006681700005774054
PC557,1.3353173255869717,0.0006676586627934858
PC558,1.3328223757943538,0.0006664111878971769
PC559,1.3304702102822619,0.0006652351051411309
PC560,1.3291533971027503,0.0006645766985513751
PC561,1.327968138223862,0.0006639840691119309
PC562,1.3255173949469494,0.0006627586974734746
PC563,1.3239171393293956,0.0006619585696646977
PC564,1.3197050984627379,0.0006598525492313689
PC565,1.319027294526048,0.0006595136472630239
PC566,1.315935976275568,0.0006579679881377839
PC567,1.3124093894252953,0.0006562046947126476
PC568,1.31184207287056,0.0006559210364352799
PC569,1.3094199841081346,0.0006547099920540672
PC570,1.3053481363876924,0.0006526740681938462
PC571,1.3022517561236966,0.0006511258780618482
PC572,1.3009391541102284,0.0006504695770551142
PC573,1.3006978578673916,0.0006503489289336957
PC574,1.298815383784822,0.0006494076918924109
PC575,1.2980725187475968,0.0006490362593737983
PC576,1.2959511811643194,0.0006479755905821596
PC577,1.289942532198974,0.0006449712660994869
PC578,1.2889599398744265,0.0006444799699372131
PC579,1.2870580889901415,0.0006435290444950707
PC580,1.2846332448827054,0.0006423166224413526
PC581,1.2832210321037325,0.0006416105160518662
PC582,1.2796652618466384,0.0006398326309233191
PC583,1.2782022692925836,0.0006391011346462917
PC584,1.2769511006203795,0.0006384755503101897
PC585,1.27557579152646,0.00063778789576323
PC586,1.2735912735043837,0.0006367956367521918
PC587,1.2713046037776567,0.0006356523018888283
PC588,1.2697172935849284,0.0006348586467924641
PC589,1.2676186436210568,0.0006338093218105284
PC590,1.2658930971258908,0.0006329465485629453
PC591,1.2643314020915166,0.0006321657010457582
PC592,1.263412514984576,0.000631706257492288
PC593,1.2609387663912577,0.0006304693831956288
PC594,1.257715909054629,0.0006288579545273144
PC595,1.2548065068680407,0.0006274032534340203
PC596,1.2526922736468014,0.0006263461368234007
PC597,1.251597842447975,0.0006257989212239874
PC598,1.2489767715759814,0.0006244883857879906
PC599,1.2465376344567973,0.0006232688172283986
PC600,1.2458522146311706,0.0006229261073155852
PC601,1.2451878180145273,0.0006225939090072635
PC602,1.2429044618585205,0.0006214522309292602
PC603,1.2427580109530456,0.0006213790054765227
PC604,1.2388570615393548,0.0006194285307696773
PC605,1.2359882314009718,0.0006179941157004858
PC606,1.234640556823949,0.0006173202784119743
PC607,1.2329282122917449,0.0006164641061458724
PC608,1.2304735133243423,0.0006152367566621711
PC609,1.2282990166369483,0.000614149508318474
PC610,1.2266074041795665,0.0006133037020897832
PC611,1.2259072608572235,0.0006129536304286116
PC612,1.225529934789155,0.0006127649673945774
PC613,1.221947927394851,0.0006109739636974255
PC614,1.219572930437967,0.0006097864652189834
PC615,1.2179448138202538,0.0006089724069101268
PC616,1.21699708270823,0.0006084985413541149
PC617,1.2152153550914424,0.0006076076775457212
PC618,1.2122643197064065,0.0006061321598532032
PC619,1.2095175863762142,0.000604758793188107
PC620,1.209404278977568,0.000604702139488784
PC621,1.2059408364941835,0.0006029704182470917
PC622,1.2031996238622198,0.0006015998119311099
PC623,1.2028787646711907,0.0006014393823355953
PC624,1.2005003157287586,0.0006002501578643792
PC625,1.198315068331933,0.0005991575341659665
PC626,1.1977488046067224,0.0005988744023033611
PC627,1.1962564233384718,0.0005981282116692358
PC628,1.1944902675751878,0.0005972451337875939
PC629,1.1916289807613836,0.0005958144903806917
PC630,1.1902168703083806,0.0005951084351541903
PC631,1.1881049904589513,0.0005940524952294756
PC632,1.1863925329376523,0.0005931962664688261
PC633,1.1838399383055263,0.000591919969152763
PC634,1.1809353258830122,0.0005904676629415061
PC635,1.1807329334521013,0.0005903664667260505
PC636,1.1793765757333312,0.0005896882878666655
PC637,1.1753664614157349,0.0005876832307078674
PC638,1.17451367902917,0.0005872568395145849
PC639,1.1718927284595555,0.0005859463642297777
PC640,1.1697773808448433,0.0005848886904224216
PC641,1.16865979681239,0.0005843298984061949
PC642,1.1657651691785431,0.0005828825845892715
PC643,1.1641808293871987,0.0005820904146935993
PC644,1.161860556245665,0.0005809302781228324
PC645,1.1574826259016309,0.0005787413129508153
PC646,1.1561096097506927,0.0005780548048753462
PC647,1.1535891761688064,0.0005767945880844032
PC648,1.153376583847555,0.0005766882919237774
PC649,1.152685416326002,0.000576342708163001
PC650,1.1503292104554292,0.0005751646052277146
PC651,1.1478788009689043,0.0005739394004844521
PC652,1.1461682699731854,0.0005730841349865926
PC653,1.1445330120536275,0.0005722665060268136
PC654,1.1435438239395779,0.0005717719119697889
PC655,1.1426765412782611,0.0005713382706391305
PC656,1.1383884216863032,0.0005691942108431515
PC657,1.135965373890946,0.000567982686945473
PC658,1.1354155489312963,0.0005677077744656481
PC659,1.132876505788375,0.0005664382528941874
PC660,1.132139015943499,0.0005660695079717494
PC661,1.1287673693639213,0.0005643836846819605
PC662,1.127984308041806,0.0005639921540209029
PC663,1.1276894295879312,0.0005638447147939655
PC664,1.1262547641426754,0.0005631273820713376
PC665,1.1235006984291525,0.0005617503492145762
PC666,1.12207685047774,0.00056103842523887
PC667,1.1210386152024463,0.0005605193076012231
PC668,1.1196196765629958,0.0005598098382814978
PC669,1.1192051745154634,0.0005596025872577317
PC670,1.1148478818256218,0.0005574239409128108
PC671,1.11397974389676,0.00055698987194838
PC672,1.1123118866809545,0.0005561559433404771
PC673,1.1099252845361762,0.0005549626422680881
PC674,1.1077551494862032,0.0005538775747431016
PC675,1.1058444908418608,0.0005529222454209303
PC676,1.1042902067771914,0.0005521451033885956
PC677,1.1030776679964671,0.0005515388339982335
PC678,1.1014812661161948,0.0005507406330580973
PC679,1.099133768351474,0.0005495668841757369
PC680,1.096840786048038,0.0005484203930240189
PC681,1.0950304394153334,0.0005475152197076666
PC682,1.093210712243914,0.0005466053561219569
PC683,1.0909703874033545,0.0005454851937016772
PC684,1.0876091300416197,0.0005438045650208098
PC685,1.0870085589755605,0.0005435042794877801
PC686,1.0843551119372115,0.0005421775559686057
PC687,1.0822018583540636,0.0005411009291770317
PC688,1.080408765421561,0.0005402043827107805
PC689,1.0801231290199083,0.0005400615645099541
PC690,1.0777039818939105,0.0005388519909469552
PC691,1.0754512455077117,0.0005377256227538557
PC692,1.0736976932854907,0.0005368488466427453
PC693,1.0733310061162005,0.0005366655030581001
PC694,1.071686158004128,0.0005358430790020639
PC695,1.0698644771990948,0.0005349322385995474
PC696,1.0660644449377268,0.0005330322224688633
PC697,1.0656127181326787,0.0005328063590663393
PC698,1.064421689061125,0.0005322108445305625
PC699,1.0634027967980773,0.0005317013983990386
PC700,1.062454562992543,0.0005312272814962715
PC701,1.0595888892770242,0.0005297944446385121
PC702,1.058357593399874,0.0005291787966999369
PC703,1.056598020250967,0.0005282990101254834
PC704,1.0543562008292653,0.0005271781004146326
PC705,1.0527339022165454,0.0005263669511082727
PC706,1.0522203925369111,0.0005261101962684555
PC707,1.0489485023217087,0.0005244742511608543
PC708,1.0459117049500626,0.0005229558524750312
PC709,1.0452657094959412,0.0005226328547479705
PC710,1.0440615022271054,0.0005220307511135526
PC711,1.043579667245999,0.0005217898336229994
PC712,1.0419195669382633,0.0005209597834691316
PC713,1.04011983821064,0.00052005991910532
PC714,1.03792768765209,0.000518963843826045
PC715,1.036675961490888,0.000518337980745444
PC716,1.035027236546234,0.000517513618273117
PC717,1.032165713196304,0.000516082856598152
PC718,1.0297778504982178,0.0005148889252491088
PC719,1.0286660584491691,0.0005143330292245845
PC720,1.0269552713784487,0.0005134776356892243
PC721,1.0253787313444966,0.0005126893656722482
PC722,1.0231935494081426,0.0005115967747040712
PC723,1.0229194121387741,0.000511459706069387
PC724,1.0208734185994506,0.0005104367092997253
PC725,1.020362208327519,0.0005101811041637594
PC726,1.0181183087878407,0.0005090591543939202
PC727,1.0176711995517147,0.0005088355997758573
PC728,1.0145644455889558,0.0005072822227944778
PC729,1.0123644850385183,0.0005061822425192591
PC730,1.0103932413183412,0.0005051966206591705
PC731,1.0087756591681374,0.0005043878295840687
PC732,1.0073992213554674,0.0005036996106777337
PC733,1.0048164951635963,0.000502408247581798
PC734,1.0031835383473993,0.0005015917691736996
PC735,1.002802710206525,0.0005014013551032624
PC736,0.9995462911728374,0.0004997731455864187
PC737,0.9989899073544757,0.0004994949536772378
PC738,0.9968697129000232,0.0004984348564500116
PC739,0.9958110124054984,0.0004979055062027492
PC740,0.9957469858129903,0.000497873492906495
PC741,0.9929254498166381,0.000496462724908319
PC742,0.990722244111359,0.0004953611220556794
PC743,0.9891050060489122,0.0004945525030244561
PC744,0.9884417673817951,0.0004942208836908976
PC745,0.987144303461455,0.0004935721517307274
PC746,0.9842638733126394,0.0004921319366563197
PC747,0.9839964640941976,0.0004919982320470988
PC748,0.9817650117750493,0.0004908825058875246
PC749,0.9806454152009342,0.000490322707600467
PC750,0.9792957335682706,0.0004896478667841352
PC751,0.97796212499232,0.0004889810624961599
PC752,0.9772240278990344,0.0004886120139495171
PC753,0.9748492780771992,0.00048742463903859957
PC754,0.9738406847326893,0.0004869203423663446
PC755,0.9715561796244094,0.0004857780898122047
PC756,0.9691042102843616,0.00048455210514218073
PC757,0.9665470949151935,0.0004832735474575967
PC758,0.965533352048249,0.0004827666760241244
PC759,0.9644287339313663,0.0004822143669656831
PC760,0.9602656411717996,0.0004801328205858997
PC761,0.9595448624653921,0.000479772431232696
PC762,0.9576773293005162,0.00047883866465025805
PC763,0.9572032737498314,0.00047860163687491565
PC764,0.9547893733037547,0.0004773946866518773
PC765,0.9538210392100593,0.0004769105196050296
PC766,0.951183557759198,0.000475591778879599
PC767,0.9503141186586762,0.0004751570593293381
PC768,0.9491969552955994,0.0004745984776477997
PC769,0.9461835141388001,0.0004730917570694
PC770,0.9451298204567141,0.000472564910228357
PC771,0.9443931946377919,0.00047219659731889593
PC772,0.9440448020878291,0.0004720224010439145
PC773,0.9400062908130915,0.0004700031454065457
PC774,0.939514866560637,0.0004697574332803184
PC775,0.9380102196554274,0.00046900510982771364
PC776,0.9365448648785244,0.0004682724324392621
PC777,0.9350577580001247,0.0004675288790000623
PC778,0.9337715459755442,0.00046688577298777204
PC779,0.9333033979151751,0.0004666516989575875
PC780,0.9307118756521885,0.0004653559378260942
PC781,0.9278115710918289,0.00046390578554591437
PC782,0.9274235914374271,0.00046371179571871353
PC783,0.9261881102866395,0.0004630940551433197
PC784,0.9244038576423046,0.00046220192882115224
PC785,0.9228925140131633,0.0004614462570065816
PC786,0.9205250884740281,0.00046026254423701404
PC787,0.9193546750843059,0.0004596773375421529
PC788,0.9173011162040033,0.00045865055810200163
PC789,0.9162732803741372,0.00045813664018706855
PC790,0.9145257285011739,0.0004572628642505869
PC791,0.9136129708311003,0.00045680648541555007
PC792,0.9110463620303243,0.0004555231810151621
PC793,0.9090000757267969,0.0004545000378633984
PC794,0.9073581770827764,0.00045367908854138816
PC795,0.9062208101492748,0.00045311040507463736
PC796,0.9049720252613979,0.0004524860126306989
PC797,0.9044327371684239,0.0004522163685842119
PC798,0.9025687152118306,0.00045128435760591524
PC799,0.9010614389819165,0.00045053071949095817
PC800,0.8992001892233837,0.00044960009461169183
PC801,0.898510801672063,0.00044925540083603143
PC802,0.8964851005585733,0.0004482425502792866
PC803,0.8959567551363974,0.00044797837756819863
PC804,0.8934406811666137,0.0004467203405833068
PC805,0.8930609698675182,0.00044653048493375905
PC806,0.890473294240662,0.00044523664712033096
PC807,0.8888013057058097,0.00044440065285290483
PC808,0.8877266472109923,0.0004438633236054961
PC809,0.8862764499900303,0.0004431382249950151
PC810,0.8847162586029167,0.0004423581293014583
PC811,0.8827304748262236,0.0004413652374131117
PC812,0.8820342046623536,0.00044101710233117677
PC813,0.8809613298230671,0.0004404806649115335
PC814,0.8795639243828097,0.0004397819621914048
PC815,0.8774038050870139,0.0004387019025435069
PC816,0.876023179935812,0.00043801158996790594
PC817,0.8748877840116354,0.0004374438920058176
PC818,0.8733359612000757,0.0004366679806000378
PC819,0.870853319637995,0.00043542665981899744
PC820,0.8706106590260001,0.000435305329513
PC821,0.8681782510831726,0.00043408912554158627
PC822,0.8675494854589594,0.00043377474272947964
PC823,0.8666317240060897,0.00043331586200304477
PC824,0.8656816576737534,0.00043284082883687666
PC825,0.8651165476069534,0.0004325582738034767
PC826,0.862156470713039,0.0004310782353565195
PC827,0.8605643981420263,0.00043028219907101313
PC828,0.8586730808802165,0.00042933654044010824
PC829,0.8568644640435409,0.0004284322320217704
PC830,0.8552580484542426,0.00042762902422712124
PC831,0.8529588319452605,0.00042647941597263015
PC832,0.8515773300573194,0.00042578866502865966
PC833,0.8510799132553499,0.0004255399566276749
PC834,0.8502546763655473,0.0004251273381827736
PC835,0.8489949704585327,0.0004244974852292663
PC836,0.8468817139416505,0.00042344085697082517
PC837,0.8453162215683622,0.00042265811078418105
PC838,0.8421751087907672,0.00042108755439538355
PC839,0.8418155539241079,0.0004209077769620539
PC840,0.8395687375677838,0.00041978436878389186
PC841,0.8387409106760979,0.0004193704553380489
PC842,0.8374826416672164,0.00041874132083360814
PC843,0.8363316796307063,0.00041816583981535313
PC844,0.8352881022551243,0.0004176440511275621
PC845,0.8336135240174358,0.0004168067620087179
PC846,0.8319550376785305,0.0004159775188392652
PC847,0.8309409448301864,0.0004154704724150932
PC848,0.8299230348230536,0.00041496151741152675
PC849,0.8285321662622733,0.0004142660831311366
PC850,0.8270532178364032,0.00041352660891820156
PC851,0.8266107794515861,0.000413305389725793
PC852,0.8241275582203461,0.000412063779110173
PC853,0.8229231052074479,0.0004114615526037239
PC854,0.8221564602376303,0.0004110782301188151
PC855,0.8211683975879873,0.0004105841987939936
PC856,0.8190760796125447,0.0004095380398062723
PC857,0.8163921574507682,0.00040819607872538406
PC858,0.8158400525746865,0.0004079200262873432
PC859,0.815193360112375,0.00040759668005618745
PC860,0.8145531112857115,0.0004072765556428557
PC861,0.8122225032868985,0.0004061112516434492
PC862,0.8100696525744329,0.0004050348262872164
PC863,0.80908114897585,0.00040454057448792495
PC864,0.8088159271225154,0.00040440796356125766
PC865,0.8071221899154375,0.0004035610949577187
PC866,0.8046047224200158,0.00040230236121000787
PC867,0.8041363407494121,0.000402068170374706
PC868,0.8026498793953049,0.00040132493969765237
PC869,0.8014362561033055,0.0004007181280516527
PC870,0.8011393076747456,0.0004005696538373728
PC871,0.7996209766400043,0.0003998104883200021
PC872,0.798124275310211,0.00039906213765510546
PC873,0.7954822321121489,0.0003977411160560744
PC874,0.7940678913808736,0.0003970339456904368
PC875,0.7929213271984762,0.00039646066359923807
PC876,0.7922555494309246,0.00039612777471546227
PC877,0.7914020391870825,0.00039570101959354124
PC878,0.7893719422310054,0.00039468597111550266
PC879,0.7877488617297405,0.0003938744308648702
PC880,0.786181385096676,0.000393090692548338
PC881,0.7839547823061433,0.00039197739115307163
PC882,0.783713275685952,0.0003918566378429759
PC883,0.7833257060015059,0.0003916628530007529
PC884,0.7826443489688142,0.00039132217448440706
PC885,0.7808730584814814,0.0003904365292407406
PC886,0.7795603872614599,0.00038978019363072994
PC887,0.7774819775931012,0.00038874098879655055
PC888,0.7753219434960164,0.00038766097174800814
PC889,0.7745720872742837,0.00038728604363714184
PC890,0.7728089008238576,0.00038640445041192875
PC891,0.7718759725883345,0.0003859379862941672
PC892,0.7694681962367976,0.0003847340981183988
PC893,0.7685740467622653,0.00038428702338113256
PC894,0.7663814307405035,0.0003831907153702517
PC895,0.7653372113194318,0.00038266860565971586
PC896,0.7648498540995989,0.0003824249270497994
PC897,0.7631558127457864,0.00038157790637289316
PC898,0.7609173359309442,0.0003804586679654721
PC899,0.7599769125553878,0.00037998845627769384
PC900,0.7587638434056649,0.0003793819217028324
PC901,0.7583058721749996,0.00037915293608749973
PC902,0.7576894719034738,0.00037884473595173687
PC903,0.7560184109009248,0.00037800920545046237
PC904,0.753582959574646,0.000376791479787323
PC905,0.752805637976198,0.000376402818988099
PC906,0.7515249635453105,0.0003757624817726552
PC907,0.7507909818595396,0.00037539549092976976
PC908,0.7490081276060114,0.0003745040638030057
PC909,0.7483134302299111,0.00037415671511495553
PC910,0.7476411587412404,0.00037382057937062013
PC911,0.7459771681423588,0.0003729885840711794
PC912,0.7446363000608186,0.0003723181500304093
PC913,0.7437203355869836,0.00037186016779349173
PC914,0.7425858521316171,0.0003712929260658085
PC915,0.7407774127526047,0.0003703887063763023
PC916,0.7403992107949646,0.0003701996053974823
PC917,0.738544573776424,0.00036927228688821194
PC918,0.7360014109949368,0.00036800070549746833
PC919,0.7346495366137992,0.00036732476830689953
PC920,0.7330731135417765,0.0003665365567708882
PC921,0.7316405809838739,0.00036582029049193687
PC922,0.731200513732826,0.00036560025686641296
PC923,0.7300555376372314,0.0003650277688186157
PC924,0.727524602869327,0.0003637623014346634
PC925,0.7261634550303542,0.000363081727515177
PC926,0.7249169831714831,0.00036245849158574153
PC927,0.7236738550845104,0.00036183692754225517
PC928,0.7228202669974889,0.0003614101334987444
PC929,0.7218869821245503,0.0003609434910622751
PC930,0.7194743252087182,0.00035973716260435907
PC931,0.7184747719094305,0.0003592373859547152
PC932,0.7179113624689252,0.00035895568123446255
PC933,0.716740143290502,0.00035837007164525093
PC934,0.715776266167143,0.00035788813308357145
PC935,0.713468149380084,0.00035673407469004196
PC936,0.7128146061738267,0.00035640730308691336
PC937,0.7114752863585025,0.00035573764317925125
PC938,0.7094981322777907,0.0003547490661388953
PC939,0.7090030120088706,0.00035450150600443525
PC940,0.7072378696827895,0.0003536189348413947
PC941,0.706498637589885,0.00035324931879494246
PC942,0.7056340210408074,0.0003528170105204037
PC943,0.7043477844742771,0.00035217389223713856
PC944,0.7028391715592222,0.000351419585779611
PC945,0.7013068212799248,0.0003506534106399624
PC946,0.7005720049017133,0.00035028600245085663
PC947,0.6986061391143618,0.00034930306955718084
PC948,0.6972637863630248,0.00034863189318151233
PC949,0.6967118344805974,0.00034835591724029864
PC950,0.6954882160993248,0.00034774410804966235
PC951,0.6941997008027307,0.00034709985040136534
PC952,0.6918280587154726,0.00034591402935773625
PC953,0.6908444046841302,0.00034542220234206505
PC954,0.6902207007401276,0.0003451103503700638
PC955,0.6890137955138352,0.0003445068977569176
PC956,0.687808294910504,0.00034390414745525197
PC957,0.6861071769559579,0.0003430535884779789
PC958,0.6855319507486366,0.00034276597537431823
PC959,0.6841933398953809,0.0003420966699476904
PC960,0.6825375578281324,0.00034126877891406615
PC961,0.6817909436293934,0.00034089547181469665
PC962,0.6808412995295855,0.0003404206497647927
PC963,0.6784475546907768,0.00033922377734538835
PC964,0.6777184255055552,0.00033885921275277753
PC965,0.6768197246427106,0.00033840986232135524
PC966,0.6742920923287167,0.0003371460461643583
PC967,0.6734891244930298,0.00033674456224651485
PC968,0.6721936110712733,0.0003360968055356366
PC969,0.670864980229957,0.0003354324901149785
PC970,0.6686514135670494,0.0003343257067835247
PC971,0.6684553351902673,0.0003342276675951336
PC972,0.6672817354779588,0.00033364086773897937
PC973,0.6657777318709592,0.00033288886593547956
PC974,0.664509371772962,0.00033225468588648095
PC975,0.6633507049152325,0.00033167535245761623
PC976,0.6620955387117098,0.00033104776935585485
PC977,0.6603863372598555,0.00033019316862992773
PC978,0.6603208383827512,0.0003301604191913756
PC979,0.6584262200103511,0.0003292131100051755
PC980,0.6572899467556091,0.0003286449733778045
PC981,0.6555190241911388,0.0003277595120955694
PC982,0.6538599712241588,0.00032692998561207936
PC983,0.652837434130245,0.0003264187170651224
PC984,0.6520761472249794,0.00032603807361248965
PC985,0.6506199433504054,0.00032530997167520267
PC986,0.6499620823936061,0.00032498104119680303
PC987,0.6480312427266899,0.0003240156213633449
PC988,0.6478412789101924,0.00032392063945509614
PC989,0.6469984827146238,0.00032349924135731184
PC990,0.6461375876748972,0.00032306879383744855
PC991,0.6434543516504292,0.0003217271758252146
PC992,0.6425593780501346,0.0003212796890250673
PC993,0.6413167184164058,0.0003206583592082029
PC994,0.6411243864894056,0.0003205621932447028
PC995,0.63999875207253,0.00031999937603626496
PC996,0.6379407414564173,0.0003189703707282086
PC997,0.6371072587258899,0.0003185536293629449
PC998,0.6364024393235163,0.0003182012196617581
PC999,0.635953393045054,0.00031797669652252697
PC1000,0.6349282726917432,0.0003174641363458716
PC1001,0.6332248397235087,0.00031661241986175433
PC1002,0.6310661740316283,0.00031553308701581415
PC1003,0.629257381193522,0.000314628690596761
PC1004,0.6288210465799658,0.0003144105232899829
PC1005,0.6278357219875731,0.0003139178609937865
PC1006,0.627047709679531,0.0003135238548397655
PC1007,0.6258305731874164,0.00031291528659370817
PC1008,0.6242647275357359,0.00031213236376786795
PC1009,0.6232603305191406,0.00031163016525957027
PC1010,0.6217631225524933,0.0003108815612762466
PC1011,0.6208440829727249,0.0003104220414863624
PC1012,0.6192101777719246,0.00030960508888596224
PC1013,0.6188116383379245,0.0003094058191689622
PC1014,0.6181406091587737,0.0003090703045793868
PC1015,0.6172544530665806,0.00030862722653329024
PC1016,0.6148266014364449,0.0003074133007182224
PC1017,0.6136381830397568,0.0003068190915198784
PC1018,0.6120603790344521,0.000306030189517226
PC1019,0.6112483467235891,0.0003056241733617945
PC1020,0.6106330488569981,0.00030531652442849903
PC1021,0.6102412522071103,0.00030512062610355516
PC1022,0.6088924013783249,0.00030444620068916244
PC1023,0.6069045148491521,0.000303452257424576
PC1024,0.6067518647173732,0.00030337593235868655
PC1025,0.6049211861858568,0.00030246059309292834
PC1026,0.6044730354988399,0.00030223651774941994
PC1027,0.6034296583717913,0.00030171482918589564
PC1028,0.6013318332923324,0.0003006659166461662
PC1029,0.599865380152238,0.00029993269007611896
PC1030,0.5983993186463469,0.0002991996593231734
PC1031,0.5970571472924668,0.0002985285736462334
PC1032,0.5968812249387699,0.0002984406124693849
PC1033,0.5956510370635097,0.00029782551853175485
PC1034,0.5945043131327808,0.0002972521565663904
PC1035,0.5929608059220866,0.00029648040296104323
PC1036,0.5923351279463273,0.0002961675639731636
PC1037,0.5911891182670345,0.0002955945591335172
PC1038,0.5893822035422761,0.00029469110177113804
PC1039,0.5886563480772536,0.0002943281740386268
PC1040,0.5883003249422856,0.00029415016247114273
PC1041,0.58639207240266,0.00029319603620133
PC1042,0.5857932623432528,0.00029289663117162637
PC1043,0.5841817985149342,0.0002920908992574671
PC1044,0.5831913884293992,0.0002915956942146996
PC1045,0.5826610601390649,0.00029133053006953245
PC1046,0.5821987250230173,0.0002910993625115086
PC1047,0.5803691490294314,0.00029018457451471567
PC1048,0.5793871885537325,0.0002896935942768662
PC1049,0.5782949981957825,0.0002891474990978912
PC1050,0.5772384651065146,0.00028861923255325725
PC1051,0.575860840606383,0.00028793042030319144
PC1052,0.5756156200308916,0.0002878078100154458
PC1053,0.5742514256260632,0.0002871257128130316
PC1054,0.5736423782628567,0.00028682118913142833
PC1055,0.572667840926075,0.0002863339204630375
PC1056,0.5712679601263667,0.0002856339800631833
PC1057,0.5692480516426569,0.0002846240258213284
PC1058,0.5684226101413756,0.00028421130507068777
PC1059,0.5673697392533132,0.0002836848696266566
PC1060,0.566749281969863,0.00028337464098493145
PC1061,0.5645173525632556,0.0002822586762816278
PC1062,0.5637650439593163,0.0002818825219796581
PC1063,0.5619543528619482,0.00028097717643097407
PC1064,0.5617580342147858,0.00028087901710739286
PC1065,0.5610535313073938,0.0002805267656536969
PC1066,0.5596805708226477,0.0002798402854113238
PC1067,0.5591491500508142,0.00027957457502540705
PC1068,0.5567074514982949,0.0002783537257491474
PC1069,0.5561617753304227,0.0002780808876652113
PC1070,0.5551256543774865,0.0002775628271887432
PC1071,0.553529998199065,0.00027676499909953247
PC1072,0.5515646836916058,0.0002757823418458029
PC1073,0.5511697172854475,0.0002755848586427237
PC1074,0.5498727934166882,0.00027493639670834406
PC1075,0.5492688587129876,0.00027463442935649377
PC1076,0.548565504426277,0.0002742827522131385
PC1077,0.547874584580401,0.00027393729229020043
PC1078,0.5458429356507114,0.0002729214678253557
PC1079,0.5455106247882986,0.00027275531239414925
PC1080,0.5436517364717625,0.0002718258682358812
PC1081,0.5428640509720962,0.00027143202548604806
PC1082,0.542324079280745,0.00027116203964037245
PC1083,0.540973830068129,0.0002704869150340645
PC1084,0.5396075083063319,0.0002698037541531659
PC1085,0.5392966129316835,0.00026964830646584174
PC1086,0.5373097204234064,0.0002686548602117032
PC1087,0.5365942308488698,0.0002682971154244349
PC1088,0.5357290032868527,0.0002678645016434263
PC1089,0.5355492257275701,0.00026777461286378503
PC1090,0.5343549083979042,0.00026717745419895206
PC1091,0.5336189784945216,0.0002668094892472608
PC1092,0.5323854946589166,0.00026619274732945825
PC1093,0.5311626777504016,0.00026558133887520077
PC1094,0.5303603582535837,0.00026518017912679186
PC1095,0.5297069546720309,0.0002648534773360154
PC1096,0.5285729154677477,0.0002642864577338738
PC1097,0.5262803446965255,0.0002631401723482627
PC1098,0.5254405942106728,0.00026272029710533635
PC1099,0.5246945311491278,0.0002623472655745639
PC1100,0.5240922962309469,0.00026204614811547344
PC1101,0.5229844415028149,0.0002614922207514074
PC1102,0.522421356120702,0.0002612106780603509
PC1103,0.5213330906876039,0.0002606665453438019
PC1104,0.5195364800336532,0.0002597682400168266
PC1105,0.519145583503084,0.000259572791751542
PC1106,0.5167820340561888,0.0002583910170280944
PC1107,0.5163393406808612,0.00025816967034043056
PC1108,0.5149019853797796,0.00025745099268988976
PC1109,0.5139623827936678,0.00025698119139683386
PC1110,0.5135770245743607,0.0002567885122871803
PC1111,0.5124669541664889,0.0002562334770832444
PC1112,0.5110669635029814,0.0002555334817514907
PC1113,0.510062978375714,0.00025503148918785696
PC1114,0.5094035356875625,0.0002547017678437812
PC1115,0.5089011870221122,0.00025445059351105603
PC1116,0.5081295469272338,0.00025406477346361686
PC1117,0.5069292087434405,0.0002534646043717202
PC1118,0.5058429523886968,0.00025292147619434836
PC1119,0.5047856134046763,0.0002523928067023381
PC1120,0.5037301776911796,0.00025186508884558973
PC1121,0.5019635234811455,0.0002509817617405727
PC1122,0.5015685952615875,0.0002507842976307937
PC1123,0.5013582373131324,0.0002506791186565662
PC1124,0.5000451653119911,0.0002500225826559955
PC1125,0.4995101565292341,0.000249755078264617
PC1126,0.4984914479563408,0.00024924572397817037
PC1127,0.49702777303180534,0.00024851388651590264
PC1128,0.4966108415122918,0.00024830542075614584
PC1129,0.4960690487053844,0.0002480345243526922
PC1130,0.49339861772921373,0.0002466993088646068
PC1131,0.49273083775424176,0.00024636541887712083
PC1132,0.49103283121800173,0.0002455164156090008
PC1133,0.4908146558444353,0.0002454073279222176
PC1134,0.4898831875817794,0.00024494159379088965
PC1135,0.4889590607678117,0.0002444795303839058
PC1136,0.487449960076423,0.00024372498003821146
PC1137,0.4866727886883545,0.00024333639434417722
PC1138,0.48562253002593425,0.0002428112650129671
PC1139,0.48494858283267706,0.0002424742914163385
PC1140,0.48335158237996967,0.00024167579118998482
PC1141,0.48274764751402593,0.00024137382375701293
PC1142,0.4816481183740747,0.00024082405918703732
PC1143,0.4811521023746241,0.000240576051187312
PC1144,0.4793320420380206,0.00023966602101901027
PC1145,0.4777471979651263,0.00023887359898256314
PC1146,0.47685389346486146,0.0002384269467324307
PC1147,0.4765846470221653,0.00023829232351108262
PC1148,0.4756741590907588,0.00023783707954537936
PC1149,0.47424540734444004,0.00023712270367222
PC1150,0.4732118318094607,0.00023660591590473032
PC1151,0.4726589455889973,0.0002363294727944986
PC1152,0.4721262289551993,0.0002360631144775996
PC1153,0.4697552502785848,0.00023487762513929236
PC1154,0.4694981010514454,0.00023474905052572268
PC1155,0.46883492485366973,0.00023441746242683484
PC1156,0.4681788609716995,0.0002340894304858497
PC1157,0.46730438473791325,0.00023365219236895658
PC1158,0.4664477975373549,0.00023322389876867742
PC1159,0.4648155467159762,0.00023240777335798807
PC1160,0.46407908056068253,0.00023203954028034124
PC1161,0.4636832297144154,0.00023184161485720767
PC1162,0.4630382688655864,0.00023151913443279318
PC1163,0.46193683599836105,0.0002309684179991805
PC1164,0.4609913356208841,0.00023049566781044203
PC1165,0.45988959169662963,0.0002299447958483148
PC1166,0.45827112401219383,0.0002291355620060969
PC1167,0.4567299219284009,0.0002283649609642004
PC1168,0.45630229680022016,0.00022815114840011005
PC1169,0.45474951389943724,0.00022737475694971859
PC1170,0.453210292521199,0.00022660514626059947
PC1171,0.4531876402156629,0.00022659382010783142
PC1172,0.4521811327863684,0.00022609056639318417
PC1173,0.45065295458631194,0.00022532647729315593
PC1174,0.44987532130432417,0.00022493766065216205
PC1175,0.44942146062587224,0.00022471073031293608
PC1176,0.44805959693481767,0.0002240297984674088
PC1177,0.44726661864626005,0.00022363330932313
PC1178,0.4463605436839154,0.00022318027184195768
PC1179,0.44585938488296656,0.00022292969244148324
PC1180,0.44445515663999435,0.00022222757831999714
PC1181,0.4437820707801242,0.00022189103539006208
PC1182,0.4430701736311056,0.0002215350868155528
PC1183,0.4410864077404471,0.00022054320387022354
PC1184,0.4407629141489273,0.00022038145707446364
PC1185,0.4399816843460773,0.00021999084217303862
PC1186,0.4394546172291351,0.00021972730861456751
PC1187,0.438108221704637,0.00021905411085231847
PC1188,0.43757276526973526,0.0002187863826348676
PC1189,0.4366247842633984,0.00021831239213169917
PC1190,0.4356652027304057,0.00021783260136520283
PC1191,0.43460350953708493,0.00021730175476854244
PC1192,0.4335671043453946,0.00021678355217269726
PC1193,0.4335058980727018,0.00021675294903635088
PC1194,0.43311574836488204,0.000216557874182441
PC1195,0.4319699444871558,0.0002159849722435779
PC1196,0.43075141341919543,0.00021537570670959768
PC1197,0.42960181037560213,0.00021480090518780103
PC1198,0.4286770611530832,0.00021433853057654156
PC1199,0.4266871568999898,0.0002133435784499949
PC1200,0.426503967739413,0.00021325198386970649
PC1201,0.42567106658187615,0.00021283553329093805
PC1202,0.424444509820758,0.00021222225491037897
PC1203,0.4234944399259725,0.00021174721996298622
PC1204,0.4228167013722694,0.00021140835068613468
PC1205,0.4223519671849457,0.00021117598359247285
PC1206,0.42099133921311727,0.00021049566960655862
PC1207,0.41991478731829196,0.00020995739365914595
PC1208,0.41959768541802345,0.0002097988427090117
PC1209,0.4189695251719069,0.0002094847625859534
PC1210,0.4179918954609102,0.00020899594773045508
PC1211,0.41617862678821704,0.0002080893133941085
PC1212,0.4159843349586064,0.00020799216747930318
PC1213,0.41482032874610075,0.00020741016437305035
PC1214,0.41434660919864835,0.00020717330459932415
PC1215,0.41365203230122904,0.0002068260161506145
PC1216,0.41232234356797715,0.00020616117178398854
PC1217,0.4113720848111253,0.00020568604240556263
PC1218,0.41021630598729036,0.00020510815299364517
PC1219,0.4095789694908372,0.0002047894847454186
PC1220,0.4076360850792446,0.00020381804253962228
PC1221,0.4074763114800996,0.00020373815574004978
PC1222,0.4066195067373096,0.0002033097533686548
PC1223,0.4053363683015346,0.00020266818415076726
PC1224,0.4045460475855006,0.0002022730237927503
PC1225,0.4035533691813768,0.00020177668459068836
PC1226,0.40257573441758204,0.000201287867208791
PC1227,0.402312993864466,0.000201156496932233
PC1228,0.4014331863827824,0.0002007165931913912
PC1229,0.40059927453870803,0.000200299637269354
PC1230,0.3999006052262657,0.00019995030261313283
PC1231,0.39969755639524573,0.00019984877819762285
PC1232,0.3990934613217323,0.0001995467306608661
PC1233,0.3983522343446787,0.00019917611717233934
PC1234,0.39716479779588487,0.00019858239889794242
PC1235,0.3969477204972527,0.00019847386024862633
PC1236,0.3958577231108654,0.0001979288615554327
PC1237,0.3952921732111637,0.00019764608660558183
PC1238,0.39385845512051587,0.00019692922756025792
PC1239,0.39212082940308857,0.00019606041470154425
PC1240,0.3916512863694144,0.00019582564318470716
PC1241,0.3907805342941774,0.0001953902671470887
PC1242,0.3897125020443551,0.00019485625102217752
PC1243,0.3893255140701908,0.00019466275703509538
PC1244,0.3883420435045503,0.00019417102175227515
PC1245,0.38733023702848224,0.0001936651185142411
PC1246,0.3869550181887117,0.00019347750909435581
PC1247,0.3860069013951321,0.00019300345069756604
PC1248,0.38518345144346516,0.00019259172572173256
PC1249,0.38369516958371674,0.00019184758479185834
PC1250,0.38323509449160664,0.0001916175472458033
PC1251,0.3818587200991027,0.00019092936004955135
PC1252,0.38153963363283927,0.00019076981681641963
PC1253,0.38134971506280463,0.0001906748575314023
PC1254,0.37984454388814887,0.0001899222719440744
PC1255,0.37930430036638396,0.00018965215018319195
PC1256,0.3787931824236437,0.0001893965912118218
PC1257,0.3777013804885007,0.00018885069024425033
PC1258,0.3770891201505938,0.0001885445600752969
PC1259,0.3763650412118006,0.00018818252060590028
PC1260,0.37469664178806167,0.00018734832089403083
PC1261,0.3739552386509876,0.00018697761932549378
PC1262,0.37281685194047237,0.00018640842597023616
PC1263,0.3725217301774744,0.00018626086508873719
PC1264,0.37203562215645836,0.00018601781107822915
PC1265,0.37149492608524504,0.0001857474630426225
PC1266,0.3698259071720509,0.00018491295358602543
PC1267,0.3693970476488154,0.0001846985238244077
PC1268,0.36877085876663124,0.0001843854293833156
PC1269,0.36811925089713926,0.0001840596254485696
PC1270,0.3668863362485153,0.00018344316812425764
PC1271,0.3658847334029949,0.0001829423667014974
PC1272,0.364749970755877,0.0001823749853779385
PC1273,0.36438104978470703,0.0001821905248923535
PC1274,0.36304482450159953,0.00018152241225079976
PC1275,0.3622394203047936,0.00018111971015239678
PC1276,0.36142808676709987,0.0001807140433835499
PC1277,0.36019044808359874,0.00018009522404179934
PC1278,0.35876311988656834,0.00017938155994328415
PC1279,0.35856041298395447,0.00017928020649197722
PC1280,0.35786346063905633,0.00017893173031952814
PC1281,0.3572680132827316,0.00017863400664136579
PC1282,0.35638320766116943,0.0001781916038305847
PC1283,0.35561666778773965,0.0001778083338938698
PC1284,0.3547744521776372,0.00017738722608881858
PC1285,0.3542870081478006,0.0001771435040739003
PC1286,0.35297296377273885,0.0001764864818863694
PC1287,0.3518848420659875,0.00017594242103299374
PC1288,0.3512679943809853,0.00017563399719049263
PC1289,0.35041471659169093,0.00017520735829584544
PC1290,0.34973404724704854,0.00017486702362352424
PC1291,0.34897427420993476,0.00017448713710496735
PC1292,0.34856690184104594,0.00017428345092052294
PC1293,0.34811951141291053,0.00017405975570645524
PC1294,0.34711942187310435,0.00017355971093655216
PC1295,0.3462011585844068,0.00017310057929220338
PC1296,0.34560311390962717,0.00017280155695481356
PC1297,0.34433926923903424,0.0001721696346195171
PC1298,0.34383052573594836,0.00017191526286797416
PC1299,0.3418854546245933,0.00017094272731229664
PC1300,0.34123435466603835,0.00017061717733301917
PC1301,0.34050954003903333,0.00017025477001951666
PC1302,0.3397777352234668,0.0001698888676117334
PC1303,0.3396153964397587,0.00016980769821987933
PC1304,0.33920087023733947,0.00016960043511866972
PC1305,0.33850184330509714,0.00016925092165254854
PC1306,0.33785642422621986,0.00016892821211310992
PC1307,0.336867876798328,0.000168433938399164
PC1308,0.3362235868584152,0.00016811179342920757
PC1309,0.33551469476498125,0.0001677573473824906
PC1310,0.33457516570557466,0.00016728758285278731
PC1311,0.3342154416942813,0.00016710772084714063
PC1312,0.3335154536626616,0.0001667577268313308
PC1313,0.3327384089048768,0.00016636920445243838
PC1314,0.33165711090206296,0.00016582855545103147
PC1315,0.33141873695333796,0.00016570936847666896
PC1316,0.3296454669942656,0.00016482273349713278
PC1317,0.3294717519234119,0.00016473587596170592
PC1318,0.3292076745820862,0.0001646038372910431
PC1319,0.3283531916063104,0.00016417659580315517
PC1320,0.3278224693222118,0.00016391123466110588
PC1321,0.32632176643630845,0.00016316088321815422
PC1322,0.3254030506545754,0.00016270152532728768
PC1323,0.32514082482291656,0.00016257041241145827
PC1324,0.3237621576515789,0.00016188107882578943
PC1325,0.32255770483431745,0.00016127885241715872
PC1326,0.3220646388838363,0.00016103231944191812
PC1327,0.32162761003457085,0.0001608138050172854
PC1328,0.32048181698852407,0.00016024090849426202
PC1329,0.32000406694084627,0.00016000203347042312
PC1330,0.31888557953375674,0.00015944278976687834
PC1331,0.3180809976628567,0.00015904049883142833
PC1332,0.3177323680886315,0.00015886618404431572
PC1333,0.3168367838034937,0.00015841839190174685
PC1334,0.3166018058784113,0.00015830090293920564
PC1335,0.31553961136505837,0.00015776980568252917
PC1336,0.31536403221895754,0.00015768201610947874
PC1337,0.31412900173478264,0.00015706450086739132
PC1338,0.31352784558140623,0.0001567639227907031
PC1339,0.31292599286161293,0.00015646299643080644
PC1340,0.31167012530879484,0.0001558350626543974
PC1341,0.3110985990654971,0.00015554929953274854
PC1342,0.3104811435108278,0.00015524057175541389
PC1343,0.3104116949342141,0.00015520584746710704
PC1344,0.3094420451849837,0.00015472102259249184
PC1345,0.3082668134570858,0.00015413340672854286
PC1346,0.3076258280876018,0.00015381291404380088
PC1347,0.30680295507586636,0.00015340147753793316
PC1348,0.3062170896575854,0.00015310854482879268
PC1349,0.3057205239759789,0.00015286026198798943
PC1350,0.3051878604514535,0.00015259393022572674
PC1351,0.30404397962915625,0.0001520219898145781
PC1352,0.3035092061169989,0.00015175460305849942
PC1353,0.3024182277600199,0.00015120911388000994
PC1354,0.3016449916342614,0.00015082249581713068
PC1355,0.3007801392784115,0.00015039006963920575
PC1356,0.2995968829698929,0.00014979844148494642
PC1357,0.2988626390281555,0.00014943131951407774
PC1358,0.29833100716513816,0.00014916550358256908
PC1359,0.2981987027884715,0.00014909935139423573
PC1360,0.2970949715929245,0.0001485474857964622
PC1361,0.29630799063926755,0.00014815399531963375
PC1362,0.29512885963335767,0.00014756442981667882
PC1363,0.2944309729870865,0.00014721548649354322
PC1364,0.2933858706537655,0.00014669293532688273
PC1365,0.29315597899672263,0.0001465779894983613
PC1366,0.29215817028969054,0.00014607908514484524
PC1367,0.2915108728798569,0.00014575543643992843
PC1368,0.291166406605882,0.000145583203302941
PC1369,0.2903108772522154,0.00014515543862610769
PC1370,0.28970720599728994,0.00014485360299864496
PC1371,0.2893802630190952,0.00014469013150954758
PC1372,0.28832964012176043,0.0001441648200608802
PC1373,0.28784019985677917,0.00014392009992838956
PC1374,0.2874274664981722,0.00014371373324908608
PC1375,0.2869218841476917,0.00014346094207384584
PC1376,0.2860998195550299,0.00014304990977751493
PC1377,0.28506516155326506,0.0001425325807766325
PC1378,0.28477911888917284,0.0001423895594445864
PC1379,0.2837456830981082,0.0001418728415490541
PC1380,0.2826621471855102,0.0001413310735927551
PC1381,0.2817641868545773,0.00014088209342728863
PC1382,0.2811226036916863,0.00014056130184584312
PC1383,0.2806047148774845,0.00014030235743874223
PC1384,0.2802182199707252,0.00014010910998536258
PC1385,0.27990224940719427,0.00013995112470359711
PC1386,0.27910029755075516,0.00013955014877537757
PC1387,0.2778818471364359,0.0001389409235682179
PC1388,0.2769813246036686,0.0001384906623018343
PC1389,0.2762674382400803,0.00013813371912004015
PC1390,0.27599797984392793,0.00013799898992196394
PC1391,0.2757803704853656,0.00013789018524268276
PC1392,0.274908894835764,0.00013745444741788197
PC1393,0.2740731481881235,0.00013703657409406173
PC1394,0.2732743377310117,0.00013663716886550583
PC1395,0.271930518866823,0.00013596525943341148
PC1396,0.27157088041214617,0.00013578544020607307
PC1397,0.2705593881460944,0.0001352796940730472
PC1398,0.26956766328254034,0.00013478383164127015
PC1399,0.26917349760359777,0.00013458674880179888
PC1400,0.268956079617702,0.00013447803980885098
PC1401,0.26775719548055,0.00013387859774027498
PC1402,0.2672033037291706,0.0001336016518645853
PC1403,0.26638412382197024,0.0001331920619109851
PC1404,0.2657768027809295,0.00013288840139046474
PC1405,0.26533164250501207,0.00013266582125250601
PC1406,0.26420921061818464,0.0001321046053090923
PC1407,0.26322025419846423,0.0001316101270992321
PC1408,0.262027571254155,0.00013101378562707747
PC1409,0.2614562954467956,0.0001307281477233978
PC1410,0.26137927356666085,0.0001306896367833304
PC1411,0.26066702006261294,0.00013033351003130647
PC1412,0.2603116494185309,0.00013015582470926544
PC1413,0.25919538463090636,0.00012959769231545316
PC1414,0.25809500111233313,0.00012904750055616656
PC1415,0.25765212322664055,0.00012882606161332026
PC1416,0.2574533447985064,0.00012872667239925318
PC1417,0.257052514040502,0.00012852625702025098
PC1418,0.2561731286451994,0.00012808656432259968
PC1419,0.25592520479113073,0.00012796260239556536
PC1420,0.2555287697735032,0.00012776438488675158
PC1421,0.25468715390804103,0.0001273435769540205
PC1422,0.25429503560357225,0.0001271475178017861
PC1423,0.2527748957006788,0.00012638744785033938
PC1424,0.25246337569675886,0.00012623168784837942
PC1425,0.25168184936514726,0.00012584092468257362
PC1426,0.24996370852731753,0.00012498185426365876
PC1427,0.24977746641011428,0.00012488873320505713
PC1428,0.24914640939355845,0.00012457320469677922
PC1429,0.24878658478783,0.00012439329239391497
PC1430,0.2484043053387986,0.00012420215266939927
PC1431,0.24792617146313925,0.00012396308573156962
PC1432,0.2473163644491157,0.00012365818222455783
PC1433,0.24639733283482262,0.0001231986664174113
PC1434,0.24579236060333595,0.00012289618030166796
PC1435,0.24464685286459817,0.00012232342643229906
PC1436,0.24440634433258818,0.00012220317216629406
PC1437,0.24400092253233244,0.00012200046126616621
PC1438,0.24314589385418722,0.0001215729469270936
PC1439,0.24283420392277322,0.00012141710196138659
PC1440,0.2423010444436553,0.00012115052222182763
PC1441,0.24108641883374377,0.00012054320941687187
PC1442,0.24064215457347918,0.00012032107728673958
PC1443,0.23960594818040978,0.00011980297409020488
PC1444,0.23922073801844804,0.000119610369009224
PC1445,0.23857316397168868,0.00011928658198584432
PC1446,0.23817677553540986,0.00011908838776770492
PC1447,0.23724902752078728,0.00011862451376039362
PC1448,0.23693700408568139,0.00011846850204284068
PC1449,0.2367841345813431,0.00011839206729067153
PC1450,0.23587592628370269,0.00011793796314185133
PC1451,0.23471381808007524,0.00011735690904003761
PC1452,0.23455751502792022,0.0001172787575139601
PC1453,0.23441859039188997,0.00011720929519594497
PC1454,0.23358831999222618,0.00011679415999611307
PC1455,0.23283694642220185,0.00011641847321110092
PC1456,0.23255213805484218,0.00011627606902742108
PC1457,0.23126440708002036,0.00011563220354001017
PC1458,0.23040121923101076,0.00011520060961550537
PC1459,0.2297145119833685,0.00011485725599168425
PC1460,0.22957078897167005,0.00011478539448583501
PC1461,0.22860041156271377,0.00011430020578135687
PC1462,0.228335949257997,0.00011416797462899849
PC1463,0.2282209424832824,0.00011411047124164119
PC1464,0.227597686137283,0.00011379884306864149
PC1465,0.22667544283328292,0.00011333772141664145
PC1466,0.225682202418999,0.0001128411012094995
PC1467,0.22476684017110185,0.00011238342008555091
PC1468,0.22440064954724298,0.00011220032477362148
PC1469,0.22366320104441786,0.00011183160052220893
PC1470,0.2231425592186533,0.00011157127960932664
PC1471,0.22309656557650503,0.0001115482827882525
PC1472,0.2218966316786563,0.00011094831583932814
PC1473,0.2214976393495996,0.00011074881967479979
PC1474,0.22100891095633374,0.00011050445547816686
PC1475,0.22068922367125976,0.00011034461183562986
PC1476,0.2196951056133449,0.00010984755280667243
PC1477,0.21914211022625268,0.00010957105511312633
PC1478,0.21879228178415652,0.00010939614089207824
PC1479,0.21797594714840274,0.00010898797357420135
PC1480,0.2177112781734212,0.0001088556390867106
PC1481,0.2165730219737301,0.00010828651098686504
PC1482,0.21651239813625967,0.00010825619906812982
PC1483,0.21594263626078797,0.00010797131813039398
PC1484,0.21408782443429716,0.00010704391221714856
PC1485,0.21361769973589914,0.00010680884986794956
PC1486,0.21300469853480797,0.00010650234926740397
PC1487,0.2127190284186544,0.00010635951420932718
PC1488,0.21220885866708297,0.00010610442933354147
PC1489,0.21177814883086762,0.0001058890744154338
PC1490,0.2112879741756585,0.00010564398708782924
PC1491,0.20993500844629975,0.00010496750422314986
PC1492,0.20940803696952323,0.0001047040184847616
PC1493,0.2092665520055152,0.00010463327600275758
PC1494,0.20891561307432419,0.00010445780653716208
PC1495,0.20766520479477418,0.00010383260239738708
PC1496,0.2072816695585843,0.00010364083477929214
PC1497,0.20630846177475154,0.00010315423088737576
PC1498,0.20566190845402768,0.00010283095422701383
PC1499,0.20531234848118954,0.00010265617424059476
PC1500,0.20455526341101513,0.00010227763170550755
PC1501,0.20416681024817937,0.00010208340512408968
PC1502,0.2032135163687556,0.00010160675818437779
PC1503,0.2026942808237213,0.00010134714041186064
PC1504,0.20239811495982818,0.00010119905747991408
PC1505,0.2017492854569876,0.00010087464272849378
PC1506,0.2007808489648519,0.00010039042448242594
PC1507,0.20045805084531487,0.00010022902542265742
PC1508,0.20000306913622315,0.00010000153456811156
PC1509,0.19889959636520924,9.944979818260461e-05
PC1510,0.19873513638829746,9.936756819414871e-05
PC1511,0.19799504641707905,9.899752320853951e-05
PC1512,0.19753357695354062,9.876678847677031e-05
PC1513,0.19688043170626507,9.844021585313253e-05
PC1514,0.1958191922748739,9.790959613743694e-05
PC1515,0.19559276919222207,9.779638459611102e-05
PC1516,0.1952898892383962,9.764494461919809e-05
PC1517,0.1945434395601396,9.72717197800698e-05
PC1518,0.19411769857578043,9.705884928789021e-05
PC1519,0.1938182713576202,9.690913567881008e-05
PC1520,0.193010902461497,9.650545123074848e-05
PC1521,0.192119947490236,9.6059973745118e-05
PC1522,0.19187503104907222,9.59375155245361e-05
PC1523,0.19173898800350433,9.586949400175216e-05
PC1524,0.1908839488989879,9.544197444949394e-05
PC1525,0.1900807658090038,9.504038290450189e-05
PC1526,0.1897520474779735,9.487602373898675e-05
PC1527,0.18860718603724794,9.430359301862396e-05
PC1528,0.18816811895549732,9.408405947774864e-05
PC1529,0.1876058777230549,9.380293886152744e-05
PC1530,0.18727896190898974,9.363948095449486e-05
PC1531,0.18644439535675392,9.322219767837695e-05
PC1532,0.18578953174206997,9.289476587103498e-05
PC1533,0.18533751140599974,9.266875570299987e-05
PC1534,0.1851744625599473,9.258723127997363e-05
PC1535,0.1846077314849873,9.230386574249363e-05
PC1536,0.18380110650507223,9.190055325253611e-05
PC1537,0.18327832274721118,9.163916137360558e-05
PC1538,0.18297663404710662,9.14883170235533e-05
PC1539,0.18196651978298192,9.098325989149096e-05
PC1540,0.1811641489783654,9.058207448918269e-05
PC1541,0.18089446534008546,9.044723267004272e-05
PC1542,0.18066420665500735,9.033210332750366e-05
PC1543,0.1798844764241823,8.994223821209114e-05
PC1544,0.17969646481832488,8.984823240916243e-05
PC1545,0.17889569648045825,8.944784824022911e-05
PC1546,0.17819683167705153,8.909841583852576e-05
PC1547,0.17758846030084766,8.879423015042382e-05
PC1548,0.17692039290922437,8.846019645461217e-05
PC1549,0.17673649438949154,8.836824719474576e-05
PC1550,0.17578524885766003,8.789262442883e-05
PC1551,0.17557271062252916,8.778635531126457e-05
PC1552,0.17467845102302748,8.733922551151373e-05
PC1553,0.17389368296978974,8.694684148489486e-05
PC1554,0.17359738401132638,8.679869200566319e-05
PC1555,0.1734276473169597,8.671382365847983e-05
PC1556,0.17289276857474084,8.64463842873704e-05
PC1557,0.1726784547633897,8.633922738169484e-05
PC1558,0.17118159160202828,8.559079580101413e-05
PC1559,0.17104538728111737,8.552269364055867e-05
PC1560,0.17003585613906164,8.501792806953081e-05
PC1561,0.16966299730995155,8.483149865497577e-05
PC1562,0.16953223489628658,8.476611744814327e-05
PC1563,0.1690886595664992,8.45443297832496e-05
PC1564,0.1681747194885978,8.40873597442989e-05
PC1565,0.16800430311987125,8.400215155993561e-05
PC1566,0.1673959299884328,8.369796499421639e-05
PC1567,0.1667944027406804,8.339720137034019e-05
PC1568,0.16627410664592807,8.313705332296402e-05
PC1569,0.1658334877186934,8.29167438593467e-05
PC1570,0.16548169557524706,8.274084778762352e-05
PC1571,0.16492527034625595,8.246263517312797e-05
PC1572,0.16443022919059044,8.22151145952952e-05
PC1573,0.16401789103326617,8.200894551663308e-05
PC1574,0.1639116000825892,8.195580004129459e-05
PC1575,0.16285891775219988,8.142945887609993e-05
PC1576,0.16246286471704682,8.123143235852341e-05
PC1577,0.16151479806047037,8.075739903023518e-05
PC1578,0.1611796817195897,8.058984085979485e-05
PC1579,0.16108117818095763,8.05405890904788e-05
PC1580,0.16008293257917788,8.004146628958893e-05
PC1581,0.15924328681627023,7.962164340813511e-05
PC1582,0.15874645779200133,7.937322889600065e-05
PC1583,0.1584370963064885,7.921854815324424e-05
PC1584,0.15792312420243027,7.896156210121512e-05
PC1585,0.15707665351361494,7.853832675680746e-05
PC1586,0.1568737450292064,7.843687251460319e-05
PC1587,0.15605894518796906,7.802947259398452e-05
PC1588,0.15588300942945324,7.794150471472661e-05
PC1589,0.1554107925757714,7.770539628788569e-05
PC1590,0.15514677649294228,7.757338824647113e-05
PC1591,0.1543283322259957,7.716416611299785e-05
PC1592,0.15414444574402977,7.707222287201488e-05
PC1593,0.153854148992415,7.692707449620749e-05
PC1594,0.15283989062021652,7.641994531010826e-05
PC1595,0.15235530790419896,7.617765395209948e-05
PC1596,0.15159351938361743,7.57967596918087e-05
PC1597,0.1512624110853635,7.563120554268175e-05
PC1598,0.15117458948493323,7.55872947424666e-05
PC1599,0.150506043722857,7.52530218614285e-05
PC1600,0.15044623075692956,7.522311537846477e-05
PC1601,0.14936463808754025,7.468231904377011e-05
PC1602,0.14872269140212765,7.436134570106382e-05
PC1603,0.14841049611825438,7.420524805912718e-05
PC1604,0.14808874501370575,7.404437250685286e-05
PC1605,0.1479873551562894,7.39936775781447e-05
PC1606,0.14749902974393309,7.374951487196653e-05
PC1607,0.14680193684592316,7.340096842296157e-05
PC1608,0.14632501269817744,7.31625063490887e-05
PC1609,0.14611338996940632,7.305669498470316e-05
PC1610,0.14572723681671942,7.28636184083597e-05
PC1611,0.14532564211607799,7.266282105803898e-05
PC1612,0.14469301785610497,7.234650892805248e-05
PC1613,0.1441092296925953,7.205461484629764e-05
PC1614,0.14399485318356367,7.199742659178183e-05
PC1615,0.14309157971852493,7.154578985926246e-05
PC1616,0.14202946646173187,7.101473323086592e-05
PC1617,0.14144067595953025,7.072033797976512e-05
PC1618,0.1411000829124045,7.055004145620225e-05
PC1619,0.1407884772477434,7.03942386238717e-05
PC1620,0.14016962254147652,7.008481127073825e-05
PC1621,0.1394344561631489,6.971722808157444e-05
PC1622,0.13893614457302703,6.94680722865135e-05
PC1623,0.13864563526831433,6.932281763415716e-05
PC1624,0.13804965938927247,6.902482969463622e-05
PC1625,0.13783758794662218,6.891879397331108e-05
PC1626,0.13733996963069203,6.866998481534601e-05
PC1627,0.13692574741147948,6.846287370573972e-05
PC1628,0.13658017399544167,6.829008699772083e-05
PC1629,0.1359538389598235,6.797691947991174e-05
PC1630,0.1356443878420904,6.78221939210452e-05
PC1631,0.1352711363096435,6.763556815482173e-05
PC1632,0.13485187209147861,6.74259360457393e-05
PC1633,0.13473065257342384,6.736532628671191e-05
PC1634,0.13397710439918464,6.698855219959232e-05
PC1635,0.13315342776217237,6.657671388108618e-05
PC1636,0.13263983432269663,6.63199171613483e-05
PC1637,0.13217376902853914,6.608688451426956e-05
PC1638,0.1320143597607398,6.60071798803699e-05
PC1639,0.1318048122551713,6.590240612758564e-05
PC1640,0.13081900076730862,6.540950038365431e-05
PC1641,0.130409924033976,6.5204962016988e-05
PC1642,0.13018748187344423,6.50937409367221e-05
PC1643,0.12974514403793713,6.487257201896855e-05
PC1644,0.12899032706948219,6.449516353474109e-05
PC1645,0.12880000933426716,6.440000466713358e-05
PC1646,0.12851014966799515,6.425507483399757e-05
PC1647,0.12788427750412573,6.394213875206286e-05
PC1648,0.12734971474092976,6.367485737046488e-05
PC1649,0.12698110722471595,6.349055361235797e-05
PC1650,0.12657233902871803,6.328616951435901e-05
PC1651,0.1262196943209956,6.31098471604978e-05
PC1652,0.12562885362856913,6.281442681428456e-05
PC1653,0.12477722747206788,6.238861373603393e-05
PC1654,0.12458431521834729,6.229215760917363e-05
PC1655,0.12405195725371179,6.202597862685589e-05
PC1656,0.12388402563528866,6.194201281764432e-05
PC1657,0.1234673939445931,6.173369697229654e-05
PC1658,0.12317377394943935,6.158688697471967e-05
PC1659,0.12241181752417045,6.120590876208522e-05
PC1660,0.12223033313960813,6.111516656980405e-05
PC1661,0.12122242152734744,6.061121076367371e-05
PC1662,0.12099331498299555,6.049665749149777e-05
PC1663,0.12084043528933024,6.042021764466511e-05
PC1664,0.12019141133077217,6.0095705665386076e-05
PC1665,0.11975775252640183,5.987887626320091e-05
PC1666,0.11906208699061825,5.953104349530912e-05
PC1667,0.11865818807912035,5.932909403956017e-05
PC1668,0.11812782966502466,5.906391483251232e-05
PC1669,0.11726162292111268,5.8630811460556335e-05
PC1670,0.11688912655773667,5.844456327886833e-05
PC1671,0.11657052049281956,5.828526024640977e-05
PC1672,0.11635500492460082,5.817750246230041e-05
PC1673,0.11550636246868382,5.77531812343419e-05
PC1674,0.1150798062887522,5.753990314437609e-05
PC1675,0.11451434819751788,5.725717409875893e-05
PC1676,0.11438840389437939,5.7194201947189685e-05
PC1677,0.11384070379113859,5.692035189556929e-05
PC1678,0.1136433746989154,5.6821687349457696e-05
PC1679,0.11329609715495749,5.664804857747874e-05
PC1680,0.11309618938901826,5.6548094694509126e-05
PC1681,0.1124134265480695,5.620671327403474e-05
PC1682,0.11206957621310744,5.603478810655371e-05
PC1683,0.11184116079428653,5.592058039714326e-05
PC1684,0.11155168027584535,5.5775840137922664e-05
PC1685,0.11094482106967767,5.5472410534838824e-05
PC1686,0.11035985642768559,5.5179928213842785e-05
PC1687,0.10978084037573854,5.4890420187869265e-05
PC1688,0.10965565338314676,5.4827826691573374e-05
PC1689,0.10906622301571983,5.453311150785991e-05
PC1690,0.1089325704356249,5.4466285217812445e-05
PC1691,0.10851792506475987,5.4258962532379926e-05
PC1692,0.10842963716600001,5.4214818583e-05
PC1693,0.10799544935125505,5.3997724675627515e-05
PC1694,0.1078136021391252,5.3906801069562594e-05
PC1695,0.10671647368459518,5.3358236842297584e-05
PC1696,0.10637267316790494,5.3186336583952464e-05
PC1697,0.10611228481346559,5.305614240673279e-05
PC1698,0.10565685138719494,5.282842569359746e-05
PC1699,0.10523313557523852,5.2616567787619254e-05
PC1700,0.1048907778406319,5.2445388920315946e-05
PC1701,0.104789145693452,5.2394572846725994e-05
PC1702,0.10363900358048496,5.1819501790242475e-05
PC1703,0.10298674170161279,5.1493370850806386e-05
PC1704,0.1029051987821524,5.1452599391076196e-05
PC1705,0.10231172084647643,5.1155860423238206e-05
PC1706,0.10207874620883185,5.103937310441592e-05
PC1707,0.10186458382242888,5.093229191121444e-05
PC1708,0.10154096193023303,5.0770480965116506e-05
PC1709,0.10098301822519636,5.049150911259817e-05
PC1710,0.10043291838714906,5.0216459193574524e-05
PC1711,0.10011477821585982,5.00573891079299e-05
PC1712,0.0998915584349589,4.9945779217479444e-05
PC1713,0.09920570436728392,4.9602852183641955e-05
PC1714,0.09910526666541677,4.955263333270838e-05
PC1715,0.0986364753330769,4.9318237666538445e-05
PC1716,0.09812713620904248,4.906356810452124e-05
PC1717,0.09776921330108125,4.888460665054062e-05
PC1718,0.09746755704676965,4.873377852338482e-05
PC1719,0.09717814209201714,4.8589071046008566e-05
PC1720,0.09659896198187233,4.829948099093616e-05
PC1721,0.09650519384947093,4.8252596924735456e-05
PC1722,0.0960496535500616,4.8024826775030796e-05
PC1723,0.09538476104414814,4.7692380522074066e-05
PC1724,0.09490362289602715,4.745181144801357e-05
PC1725,0.09424996320370449,4.712498160185224e-05
PC1726,0.0938016570458486,4.6900828522924294e-05
PC1727,0.09362634286516694,4.681317143258346e-05
PC1728,0.09322639379403228,4.661319689701613e-05
PC1729,0.0931935115461493,4.659675577307464e-05
PC1730,0.09267448585841168,4.633724292920583e-05
PC1731,0.09238611136667507,4.619305568333753e-05
PC1732,0.09154072510403559,4.577036255201779e-05
PC1733,0.09145240717265739,4.5726203586328686e-05
PC1734,0.09095809249741386,4.547904624870693e-05
PC1735,0.09036098345421557,4.518049172710778e-05
PC1736,0.09005830793202582,4.5029153966012905e-05
PC1737,0.08961667787908165,4.480833893954082e-05
PC1738,0.08941655432865636,4.470827716432818e-05
PC1739,0.08901220027242068,4.4506100136210336e-05
PC1740,0.08858671414227663,4.4293357071138314e-05
PC1741,0.08847660290910907,4.423830145455453e-05
PC1742,0.0881076077373444,4.4053803868672196e-05
PC1743,0.0878015554724468,4.3900777736223394e-05
PC1744,0.08745744940978165,4.3728724704890816e-05
PC1745,0.08712507474292908,4.3562537371464533e-05
PC1746,0.08683732307556245,4.341866153778122e-05
PC1747,0.08632315508345127,4.3161577541725634e-05
PC1748,0.0860150490203702,4.30075245101851e-05
PC1749,0.08553012511730491,4.276506255865245e-05
PC1750,0.0853893448094963,4.269467240474814e-05
PC1751,0.08529857904667405,4.2649289523337025e-05
PC1752,0.08463034430296262,4.231517215148131e-05
PC1753,0.08449178270463324,4.2245891352316616e-05
PC1754,0.08343078832283299,4.171539416141649e-05
PC1755,0.0832478289220997,4.162391446104984e-05
PC1756,0.08269066014563517,4.134533007281758e-05
PC1757,0.08250812284587643,4.125406142293821e-05
PC1758,0.08194884749189832,4.0974423745949155e-05
PC1759,0.08160007660998772,4.080003830499386e-05
PC1760,0.08134964761468257,4.0674823807341277e-05
PC1761,0.08075356693843956,4.037678346921978e-05
PC1762,0.0803364425359983,4.016822126799914e-05
PC1763,0.08015361855770313,4.007680927885156e-05
PC1764,0.07997438623483034,3.998719311741517e-05
PC1765,0.07976632006279277,3.988316003139638e-05
PC1766,0.07921561646346453,3.960780823173226e-05
PC1767,0.07888028464959242,3.9440142324796204e-05
PC1768,0.07843089830818528,3.921544915409264e-05
PC1769,0.07820658363421973,3.910329181710986e-05
PC1770,0.07774773536710088,3.8873867683550435e-05
PC1771,0.0775464030498642,3.8773201524932094e-05
PC1772,0.07714791575358745,3.8573957876793724e-05
PC1773,0.07661550302113121,3.83077515105656e-05
PC1774,0.076242722457571,3.8121361228785494e-05
PC1775,0.0759342654444132,3.7967132722206595e-05
PC1776,0.0757875728885049,3.789378644425245e-05
PC1777,0.07550640038427174,3.775320019213587e-05
PC1778,0.07512714905122306,3.7563574525611526e-05
PC1779,0.07436919190239835,3.718459595119917e-05
PC1780,0.07406391265129696,3.703195632564847e-05
PC1781,0.0738778141455523,3.693890707277615e-05
PC1782,0.07359053958909793,3.679526979454896e-05
PC1783,0.07300581465919827,3.650290732959913e-05
PC1784,0.07270560496068973,3.6352802480344864e-05
PC1785,0.07258448379756262,3.6292241898781304e-05
PC1786,0.07215578790910325,3.607789395455162e-05
PC1787,0.07191800803068422,3.595900401534211e-05
PC1788,0.07164588943593113,3.582294471796556e-05
PC1789,0.07139218592788599,3.569609296394299e-05
PC1790,0.07061354861910822,3.530677430955411e-05
PC1791,0.07034815153802118,3.5174075769010585e-05
PC1792,0.07018157001815387,3.509078500907693e-05
PC1793,0.0695918143885115,3.479590719425575e-05
PC1794,0.06940762126336004,3.4703810631680016e-05
PC1795,0.06918736504160367,3.459368252080183e-05
PC1796,0.06864847842983428,3.4324239214917134e-05
PC1797,0.06843923790874831,3.4219618954374156e-05
PC1798,0.06800088660415185,3.400044330207592e-05
PC1799,0.06760354785265296,3.380177392632648e-05
PC1800,0.06724391329630654,3.362195664815327e-05
PC1801,0.06701027133762022,3.350513566881011e-05
PC1802,0.0662350543254974,3.31175271627487e-05
PC1803,0.06582296829345463,3.291148414672731e-05
PC1804,0.06567282259386709,3.283641129693354e-05
PC1805,0.06518804514529611,3.259402257264805e-05
PC1806,0.06508647487522826,3.254323743761412e-05
PC1807,0.06477423326925587,3.238711663462793e-05
PC1808,0.06437917671881829,3.2189588359409146e-05
PC1809,0.06414608677609229,3.207304338804614e-05
PC1810,0.06374473738320284,3.1872368691601415e-05
PC1811,0.06357898130315534,3.1789490651577666e-05
PC1812,0.06342218066753404,3.171109033376701e-05
PC1813,0.06290185981536506,3.1450929907682526e-05
PC1814,0.06234552326283073,3.117276163141536e-05
PC1815,0.06219941095714348,3.1099705478571735e-05
PC1816,0.06183504364407103,3.0917521822035515e-05
PC1817,0.061685932152297895,3.084296607614894e-05
PC1818,0.06143893579464579,3.071946789732289e-05
PC1819,0.06137054917504728,3.068527458752363e-05
PC1820,0.06075511291514423,3.0377556457572113e-05
PC1821,0.06058984464159897,3.0294922320799482e-05
PC1822,0.06028703216382061,3.01435160819103e-05
PC1823,0.059718067464588055,2.9859033732294024e-05
PC1824,0.05926975085824427,2.9634875429122132e-05
PC1825,0.05920526476768609,2.960263238384304e-05
PC1826,0.05849692387899256,2.9248461939496276e-05
PC1827,0.05823644155469721,2.9118220777348604e-05
PC1828,0.05751939936271381,2.87596996813569e-05
PC1829,0.05746373214535843,2.873186607267921e-05
PC1830,0.057099154502466054,2.8549577251233024e-05
PC1831,0.05703018138125521,2.85150906906276e-05
PC1832,0.056773463630305575,2.8386731815152784e-05
PC1833,0.056447362087409525,2.822368104370476e-05
PC1834,0.055883925228561844,2.7941962614280918e-05
PC1835,0.05576148801287818,2.788074400643909e-05
PC1836,0.05555141494018745,2.7775707470093723e-05
PC1837,0.05526534080906361,2.76326704045318e-05
PC1838,0.05488507571303898,2.7442537856519487e-05
PC1839,0.05475975425587571,2.737987712793785e-05
PC1840,0.054498669582134895,2.7249334791067444e-05
PC1841,0.05426636724140676,2.7133183620703375e-05
PC1842,0.05353865313801388,2.6769326569006934e-05
PC1843,0.053301023991757374,2.6650511995878684e-05
PC1844,0.053003014388331327,2.650150719416566e-05
PC1845,0.05286523765928328,2.6432618829641637e-05
PC1846,0.05267068944192684,2.633534472096342e-05
PC1847,0.05239133112175211,2.619566556087605e-05
PC1848,0.052205590167225854,2.6102795083612923e-05
PC1849,0.05178460460977232,2.5892302304886157e-05
PC1850,0.051339103624275406,2.56695518121377e-05
PC1851,0.051186950346363586,2.559347517318179e-05
PC1852,0.05092625085602617,2.5463125428013082e-05
PC1853,0.0505272299227081,2.5263614961354045e-05
PC1854,0.049991424241366315,2.4995712120683155e-05
PC1855,0.04969832557907697,2.484916278953848e-05
PC1856,0.04945127140639861,2.47256357031993e-05
PC1857,0.049164618425311044,2.458230921265552e-05
PC1858,0.048952417854622184,2.4476208927311088e-05
PC1859,0.048674073545892815,2.4337036772946404e-05
PC1860,0.04847754300862364,2.423877150431182e-05
PC1861,0.04801450337558976,2.400725168779488e-05
PC1862,0.04787925804091234,2.3939629020456167e-05
PC1863,0.04783862518206402,2.3919312591032007e-05
PC1864,0.04727865858790855,2.3639329293954272e-05
PC1865,0.04686216882629132,2.343108441314566e-05
PC1866,0.0466850337628327,2.3342516881416348e-05
PC1867,0.046499091902174605,2.32495459510873e-05
PC1868,0.04622200820041917,2.3111004100209582e-05
PC1869,0.04616160960913014,2.308080480456507e-05
PC1870,0.04564947930811834,2.282473965405917e-05
PC1871,0.04548301710892405,2.2741508554462022e-05
PC1872,0.045369420096098546,2.268471004804927e-05
PC1873,0.044641358527745145,2.232067926387257e-05
PC1874,0.04439927377036447,2.2199636885182232e-05
PC1875,0.04419431870390293,2.2097159351951463e-05
PC1876,0.04387284868537936,2.193642434268968e-05
PC1877,0.043726508078096415,2.1863254039048204e-05
PC1878,0.04338266047470513,2.1691330237352563e-05
PC1879,0.04305422401950696,2.1527112009753478e-05
PC1880,0.0426600110876927,2.1330005543846348e-05
PC1881,0.04237192624435032,2.1185963122175157e-05
PC1882,0.04215487504270984,2.1077437521354915e-05
PC1883,0.041859633714475555,2.0929816857237774e-05
PC1884,0.04171378306801075,2.085689153400537e-05
PC1885,0.04126799536355838,2.063399768177919e-05
PC1886,0.04102739106828492,2.051369553414246e-05
PC1887,0.040865585765158634,2.0432792882579315e-05
PC1888,0.040405040931740605,2.02025204658703e-05
PC1889,0.04007086185246359,2.0035430926231795e-05
PC1890,0.03985638457487874,1.9928192287439365e-05
PC1891,0.03967966833515735,1.983983416757867e-05
PC1892,0.039110633026363,1.9555316513181497e-05
PC1893,0.03893734143019215,1.9468670715096073e-05
PC1894,0.03873547977009789,1.9367739885048942e-05
PC1895,0.03846104076064754,1.9230520380323766e-05
PC1896,0.03837646438766915,1.9188232193834574e-05
PC1897,0.038105036594467824,1.905251829723391e-05
PC1898,0.03779159904635302,1.8895799523176507e-05
PC1899,0.03753299304737175,1.8766496523685875e-05
PC1900,0.037081128777094914,1.8540564388547455e-05
PC1901,0.03701290801385489,1.8506454006927443e-05
PC1902,0.036688881386114335,1.8344440693057166e-05
PC1903,0.03635718852177186,1.8178594260885927e-05
PC1904,0.03627951657308202,1.8139758286541008e-05
PC1905,0.035904873270202274,1.7952436635101136e-05
PC1906,0.035327630922318824,1.766381546115941e-05
PC1907,0.035124783996303366,1.756239199815168e-05
PC1908,0.034918891078221645,1.745944553911082e-05
PC1909,0.03439904875798423,1.7199524378992115e-05
PC1910,0.03421215181220476,1.7106075906102376e-05
PC1911,0.03406141289363702,1.703070644681851e-05
PC1912,0.03389492116548191,1.6947460582740952e-05
PC1913,0.03375361119551025,1.6876805597755123e-05
PC1914,0.033644328322367086,1.682216416118354e-05
PC1915,0.03318437679323703,1.6592188396618516e-05
PC1916,0.032993962529313234,1.6496981264656616e-05
PC1917,0.03257672285524909,1.6288361427624544e-05
PC1918,0.03224640414006892,1.612320207003446e-05
PC1919,0.031931314662398076,1.5965657331199035e-05
PC1920,0.03182077598669575,1.5910387993347874e-05
PC1921,0.03172621998368522,1.5863109991842606e-05
PC1922,0.03144991591414001,1.5724957957070003e-05
PC1923,0.031142465785957286,1.5571232892978642e-05
PC1924,0.030654911542138792,1.5327455771069395e-05
PC1925,0.03050486215971846,1.5252431079859228e-05
PC1926,0.030299202807173724,1.514960140358686e-05
PC1927,0.030055326623276344,1.502766331163817e-05
PC1928,0.029829758883156126,1.4914879441578061e-05
PC1929,0.029468880777678834,1.4734440388839416e-05
PC1930,0.029410114180125898,1.4705057090062948e-05
PC1931,0.02913070490192744,1.4565352450963717e-05
PC1932,0.02877041918021119,1.4385209590105595e-05
PC1933,0.02865768026933397,1.4328840134666983e-05
PC1934,0.028311880147494424,1.415594007374721e-05
PC1935,0.02815906051411529,1.4079530257057644e-05
PC1936,0.027918514541476168,1.3959257270738082e-05
PC1937,0.027431017854257396,1.3715508927128696e-05
PC1938,0.027268578626653047,1.3634289313326522e-05
PC1939,0.02696762551656929,1.3483812758284642e-05
PC1940,0.0266707741534236,1.3335387076711799e-05
PC1941,0.026448462848703887,1.3224231424351942e-05
PC1942,0.026366451686967125,1.318322584348356e-05
PC1943,0.026115925240819824,1.3057962620409911e-05
PC1944,0.02591798707148478,1.2958993535742388e-05
PC1945,0.02575023359789459,1.2875116798947294e-05
PC1946,0.02552225612478158,1.2761128062390789e-05
PC1947,0.02530654184779878,1.2653270923899389e-05
PC1948,0.02472986625244832,1.2364933126224158e-05
PC1949,0.024660870765693656,1.2330435382846826e-05
PC1950,0.023956707390517435,1.1978353695258716e-05
PC1951,0.023727283984128596,1.1863641992064297e-05
PC1952,0.023516353997884234,1.1758176998942116e-05
PC1953,0.023319617305328645,1.165980865266432e-05
PC1954,0.02325555236215106,1.1627776181075529e-05
PC1955,0.023171534663074093,1.1585767331537045e-05
PC1956,0.02305294410290405,1.1526472051452023e-05
PC1957,0.02279171341394955,1.1395856706974774e-05
PC1958,0.022364730197528708,1.1182365098764352e-05
PC1959,0.02212219748932567,1.1061098744662833e-05
PC1960,0.02178157536011406,1.089078768005703e-05
PC1961,0.021611851681706058,1.0805925840853028e-05
PC1962,0.021299487294419477,1.0649743647209737e-05
PC1963,0.020953975035964155,1.0476987517982076e-05
PC1964,0.02057351174082728,1.028675587041364e-05
PC1965,0.020362637659077032,1.0181318829538515e-05
PC1966,0.020197063626610393,1.0098531813305196e-05
PC1967,0.0199909825969745,9.995491298487248e-06
PC1968,0.01975468350751943,9.877341753759715e-06
PC1969,0.019589576312116403,9.794788156058201e-06
PC1970,0.019492923461459605,9.746461730729802e-06
PC1971,0.018937750617823112,9.468875308911556e-06
PC1972,0.018835405168642946,9.417702584321472e-06
PC1973,0.01855857432230207,9.279287161151032e-06
PC1974,0.018114826694760573,9.057413347380285e-06
PC1975,0.01794680414914628,8.973402074573138e-06
PC1976,0.017835796094162346,8.917898047081172e-06
PC1977,0.0174836229406944,8.741811470347199e-06
PC1978,0.017312610358561426,8.656305179280713e-06
PC1979,0.017179563875257816,8.589781937628906e-06
PC1980,0.01651272164803908,8.256360824019538e-06
PC1981,0.016145305013203756,8.072652506601878e-06
PC1982,0.015867481339859192,7.933740669929596e-06
PC1983,0.015723340923892427,7.861670461946212e-06
PC1984,0.015080723083811448,7.540361541905723e-06
PC1985,0.014994360871337637,7.4971804356688175e-06
PC1986,0.014586247138654735,7.293123569327367e-06
PC1987,0.014197204961224508,7.098602480612253e-06
PC1988,0.01375392129257849,6.876960646289244e-06
PC1989,0.013535667828238767,6.767833914119382e-06
PC1990,0.013142896562646639,6.571448281323319e-06
PC1991,0.012373607774201968,6.186803887100983e-06
PC1992,0.012080910858986837,6.040455429493418e-06
PC1993,0.011429468022551284,5.714734011275641e-06
PC1994,0.0099370582147482,4.9685291073740995e-06
PC1995,0.009136565066869336,4.568282533434668e-06
PC1996,0.00866547261640641,4.332736308203205e-06
PC1997,0.0066809572115204266,3.3404786057602127e-06
PC1998,0.003921346876633423,1.9606734383167113e-06
PC1999,0.0023223120250856926,1.1611560125428461e-06
PC2000,0.0016517597859503884,8.258798929751941e-07
